"Date","Metric","CFS","Sevenday","DOY","Metric2"
2021-05-02,"OUT",4315,3958.28571428571,122,"2021"
2021-05-02,"EXPORTS",1461,1448.42857142857,122,"2021"
2021-05-02,"SJR",1100,948.142857142857,122,"2021"
2021-05-03,"OUT",4205,3693.28571428571,123,"2021"
2021-05-03,"EXPORTS",1440,1446.57142857143,123,"2021"
2021-05-03,"SJR",984,875.428571428571,123,"2021"
2021-05-04,"OUT",3663,3655.85714285714,124,"2021"
2021-05-04,"EXPORTS",1422,1452.71428571429,124,"2021"
2021-05-04,"SJR",800,817.285714285714,124,"2021"
2021-05-05,"OUT",3263,3716.71428571429,125,"2021"
2021-05-05,"EXPORTS",1433,1457.57142857143,125,"2021"
2021-05-05,"SJR",712,775.857142857143,125,"2021"
2021-05-06,"OUT",2986,3742,126,"2021"
2021-05-06,"EXPORTS",1440,1452.28571428571,126,"2021"
2021-05-06,"SJR",601,724.285714285714,126,"2021"
2021-05-07,"OUT",3514,3912.28571428571,127,"2021"
2021-05-07,"EXPORTS",1495,1444.14285714286,127,"2021"
2021-05-07,"SJR",573,691.285714285714,127,"2021"
2021-05-08,"OUT",4071,4141.14285714286,128,"2021"
2021-05-08,"EXPORTS",1512,1438.71428571429,128,"2021"
2021-05-08,"SJR",661,679.857142857143,128,"2021"
2021-05-09,"OUT",4492,4406.42857142857,129,"2021"
2021-05-09,"EXPORTS",1424,1430.57142857143,129,"2021"
2021-05-09,"SJR",739,704,129,"2021"
2021-05-10,"OUT",5397,4748.14285714286,130,"2021"
2021-05-10,"EXPORTS",1383,1417,130,"2021"
2021-05-10,"SJR",753,789.571428571429,130,"2021"
2021-05-11,"OUT",5265,5027.14285714286,131,"2021"
2021-05-11,"EXPORTS",1384,1397.14285714286,131,"2021"
2021-05-11,"SJR",720,896.285714285714,131,"2021"
2021-05-12,"OUT",5120,5279.71428571429,132,"2021"
2021-05-12,"EXPORTS",1376,1333.85714285714,132,"2021"
2021-05-12,"SJR",881,981.857142857143,132,"2021"
2021-05-13,"OUT",5378,5454.42857142857,133,"2021"
2021-05-13,"EXPORTS",1345,1284.71428571429,133,"2021"
2021-05-13,"SJR",1200,1052,133,"2021"
2021-05-14,"OUT",5467,5497.71428571429,134,"2021"
2021-05-14,"EXPORTS",1356,1280.14285714286,134,"2021"
2021-05-14,"SJR",1320,1110.14285714286,134,"2021"
2021-05-15,"OUT",5839,5537.57142857143,135,"2021"
2021-05-15,"EXPORTS",1069,1273.14285714286,135,"2021"
2021-05-15,"SJR",1260,1153,135,"2021"
2021-05-16,"OUT",5715,5600,136,"2021"
2021-05-16,"EXPORTS",1080,1266.42857142857,136,"2021"
2021-05-16,"SJR",1230,1163.71428571429,136,"2021"
2021-05-17,"OUT",5700,5711.71428571429,137,"2021"
2021-05-17,"EXPORTS",1351,1267.28571428571,137,"2021"
2021-05-17,"SJR",1160,1129.71428571429,137,"2021"
2021-05-18,"OUT",5544,5756.85714285714,138,"2021"
2021-05-18,"EXPORTS",1335,1268.71428571429,138,"2021"
2021-05-18,"SJR",1020,1061,138,"2021"
2021-05-19,"OUT",5557,5702,139,"2021"
2021-05-19,"EXPORTS",1329,1312.71428571429,139,"2021"
2021-05-19,"SJR",956,999.571428571429,139,"2021"
2021-05-20,"OUT",6160,5683.14285714286,140,"2021"
2021-05-20,"EXPORTS",1351,1355.14285714286,140,"2021"
2021-05-20,"SJR",962,947.714285714286,140,"2021"
2021-05-21,"OUT",5783,5658,141,"2021"
2021-05-21,"EXPORTS",1366,1355.28571428571,141,"2021"
2021-05-21,"SJR",839,898.857142857143,141,"2021"
2021-05-22,"OUT",5455,5628.28571428571,142,"2021"
2021-05-22,"EXPORTS",1377,1359.42857142857,142,"2021"
2021-05-22,"SJR",830,858,142,"2021"
2021-05-23,"OUT",5583,5550.28571428571,143,"2021"
2021-05-23,"EXPORTS",1377,1364.57142857143,143,"2021"
2021-05-23,"SJR",867,819.428571428571,143,"2021"
2021-05-24,"OUT",5524,5339.28571428571,144,"2021"
2021-05-24,"EXPORTS",1352,1366.42857142857,144,"2021"
2021-05-24,"SJR",818,776.428571428571,144,"2021"
2021-05-25,"OUT",5336,5120.57142857143,145,"2021"
2021-05-25,"EXPORTS",1364,1372.42857142857,145,"2021"
2021-05-25,"SJR",734,747.285714285714,145,"2021"
2021-05-26,"OUT",5011,4884.85714285714,146,"2021"
2021-05-26,"EXPORTS",1365,1376.28571428571,146,"2021"
2021-05-26,"SJR",686,722.857142857143,146,"2021"
2021-05-27,"OUT",4683,4583.14285714286,147,"2021"
2021-05-27,"EXPORTS",1364,1379.14285714286,147,"2021"
2021-05-27,"SJR",661,694.428571428571,147,"2021"
2021-05-28,"OUT",4252,4223.42857142857,148,"2021"
2021-05-28,"EXPORTS",1408,1384.28571428571,148,"2021"
2021-05-28,"SJR",635,669.857142857143,148,"2021"
2021-05-29,"OUT",3805,3825.14285714286,149,"2021"
2021-05-29,"EXPORTS",1404,1388.28571428571,149,"2021"
2021-05-29,"SJR",659,653.857142857143,149,"2021"
2021-05-30,"OUT",3471,3480.71428571429,150,"2021"
2021-05-30,"EXPORTS",1397,1387.85714285714,150,"2021"
2021-05-30,"SJR",668,646.285714285714,150,"2021"
2021-05-31,"OUT",3006,3132.57142857143,151,"2021"
2021-05-31,"EXPORTS",1388,1386.42857142857,151,"2021"
2021-05-31,"SJR",646,640,151,"2021"
2021-06-01,"OUT",2548,2833.42857142857,152,"2021"
2021-06-01,"EXPORTS",1392,1383.42857142857,152,"2021"
2021-06-01,"SJR",622,643.857142857143,152,"2021"
2021-06-02,"OUT",2600,2648.57142857143,153,"2021"
2021-06-02,"EXPORTS",1362,1385.71428571429,153,"2021"
2021-06-02,"SJR",633,651.285714285714,153,"2021"
2021-06-03,"OUT",2246,2526.71428571429,154,"2021"
2021-06-03,"EXPORTS",1354,1387.42857142857,154,"2021"
2021-06-03,"SJR",617,667.714285714286,154,"2021"
2021-06-04,"OUT",2158,2455.85714285714,155,"2021"
2021-06-04,"EXPORTS",1387,1385.57142857143,155,"2021"
2021-06-04,"SJR",662,681,155,"2021"
2021-06-05,"OUT",2511,2492.71428571429,156,"2021"
2021-06-05,"EXPORTS",1420,1382,156,"2021"
2021-06-05,"SJR",711,694.714285714286,156,"2021"
2021-06-06,"OUT",2618,2597.57142857143,157,"2021"
2021-06-06,"EXPORTS",1409,1381,157,"2021"
2021-06-06,"SJR",783,745.285714285714,157,"2021"
2021-06-07,"OUT",2510,2821.71428571429,158,"2021"
2021-06-07,"EXPORTS",1375,1366.71428571429,158,"2021"
2021-06-07,"SJR",739,824.285714285714,158,"2021"
2021-06-08,"OUT",2806,3051.42857142857,159,"2021"
2021-06-08,"EXPORTS",1367,1332.14285714286,159,"2021"
2021-06-08,"SJR",718,905.428571428571,159,"2021"
2021-06-09,"OUT",3334,3203.85714285714,160,"2021"
2021-06-09,"EXPORTS",1355,1294,160,"2021"
2021-06-09,"SJR",987,991,160,"2021"
2021-06-10,"OUT",3815,3351,161,"2021"
2021-06-10,"EXPORTS",1254,1256.85714285714,161,"2021"
2021-06-10,"SJR",1170,1072,161,"2021"
2021-06-11,"OUT",3766,3528.57142857143,162,"2021"
2021-06-11,"EXPORTS",1145,1222,162,"2021"
2021-06-11,"SJR",1230,1156.42857142857,162,"2021"
2021-06-12,"OUT",3578,3664.14285714286,163,"2021"
2021-06-12,"EXPORTS",1153,1190.57142857143,163,"2021"
2021-06-12,"SJR",1310,1231,163,"2021"
2021-06-13,"OUT",3648,3699.71428571429,164,"2021"
2021-06-13,"EXPORTS",1149,1159.42857142857,164,"2021"
2021-06-13,"SJR",1350,1264.28571428571,164,"2021"
2021-06-14,"OUT",3753,3579.28571428571,165,"2021"
2021-06-14,"EXPORTS",1131,1132.14285714286,165,"2021"
2021-06-14,"SJR",1330,1274.28571428571,165,"2021"
2021-06-15,"OUT",3755,3427.28571428571,166,"2021"
2021-06-15,"EXPORTS",1147,1131.42857142857,166,"2021"
2021-06-15,"SJR",1240,1281.42857142857,166,"2021"
2021-06-16,"OUT",3583,3315.71428571429,167,"2021"
2021-06-16,"EXPORTS",1137,1138.85714285714,167,"2021"
2021-06-16,"SJR",1220,1277.14285714286,167,"2021"
2021-06-17,"OUT",2972,3236.14285714286,168,"2021"
2021-06-17,"EXPORTS",1063,1146,168,"2021"
2021-06-17,"SJR",1240,1281.42857142857,168,"2021"
2021-06-18,"OUT",2702,3153.14285714286,169,"2021"
2021-06-18,"EXPORTS",1140,1152.85714285714,169,"2021"
2021-06-18,"SJR",1280,1284.28571428571,169,"2021"
2021-06-19,"OUT",2797,3089,170,"2021"
2021-06-19,"EXPORTS",1205,1155.71428571429,170,"2021"
2021-06-19,"SJR",1280,1287.14285714286,170,"2021"
2021-06-20,"OUT",3091,3044.57142857143,171,"2021"
2021-06-20,"EXPORTS",1199,1159,171,"2021"
2021-06-20,"SJR",1380,1292.85714285714,171,"2021"
2021-06-21,"OUT",3172,3087.42857142857,172,"2021"
2021-06-21,"EXPORTS",1179,1171.28571428571,172,"2021"
2021-06-21,"SJR",1350,1298.57142857143,172,"2021"
2021-06-22,"OUT",3306,3178.85714285714,173,"2021"
2021-06-22,"EXPORTS",1167,1175.71428571429,173,"2021"
2021-06-22,"SJR",1260,1295.71428571429,173,"2021"
2021-06-23,"OUT",3272,3260,174,"2021"
2021-06-23,"EXPORTS",1160,1172.28571428571,174,"2021"
2021-06-23,"SJR",1260,1297.14285714286,174,"2021"
2021-06-24,"OUT",3272,3273.71428571429,175,"2021"
2021-06-24,"EXPORTS",1149,1170,175,"2021"
2021-06-24,"SJR",1280,1295.71428571429,175,"2021"
2021-06-25,"OUT",3342,3298.57142857143,176,"2021"
2021-06-25,"EXPORTS",1171,1155.57142857143,176,"2021"
2021-06-25,"SJR",1260,1295.71428571429,176,"2021"
2021-06-26,"OUT",3365,3275.42857142857,177,"2021"
2021-06-26,"EXPORTS",1181,1140.85714285714,177,"2021"
2021-06-26,"SJR",1290,1292.85714285714,177,"2021"
2021-06-27,"OUT",3187,3111.14285714286,178,"2021"
2021-06-27,"EXPORTS",1183,1139.42857142857,178,"2021"
2021-06-27,"SJR",1370,1290,178,"2021"
2021-06-28,"OUT",3346,2965,179,"2021"
2021-06-28,"EXPORTS",1078,1158.85714285714,179,"2021"
2021-06-28,"SJR",1350,1291.42857142857,179,"2021"
2021-06-29,"OUT",3144,2969,180,"2021"
2021-06-29,"EXPORTS",1064,1149,180,"2021"
2021-06-29,"SJR",1240,1308.57142857143,180,"2021"
2021-06-30,"OUT",2122,2842.71428571429,181,"2021"
2021-06-30,"EXPORTS",1150,1193.42857142857,181,"2021"
2021-07-01,"OUT",2249,2830.57142857143,182,"2021"
2021-07-01,"EXPORTS",1285,1182.42857142857,182,"2021"
2021-07-02,"OUT",3370,2867.14285714286,183,"2021"
2021-07-02,"EXPORTS",1102,1181.85714285714,183,"2021"
2021-07-02,"SJR",1240,1325.71428571429,183,"2021"
2021-07-03,"OUT",2481,2943.14285714286,184,"2021"
2021-07-03,"EXPORTS",1492,1181.85714285714,184,"2021"
2021-07-03,"SJR",1290,1314.28571428571,184,"2021"
2021-07-04,"OUT",3102,3181.85714285714,185,"2021"
2021-07-04,"EXPORTS",1106,1165.57142857143,185,"2021"
2021-07-04,"SJR",1380,1298.57142857143,185,"2021"
2021-07-05,"OUT",3602,3427.14285714286,186,"2021"
2021-07-05,"EXPORTS",1074,1135.14285714286,186,"2021"
2021-07-05,"SJR",1410,1297.14285714286,186,"2021"
2021-07-06,"OUT",3676,3480.57142857143,187,"2021"
2021-07-06,"EXPORTS",1064,1133.14285714286,187,"2021"
2021-07-06,"SJR",1290,1294.28571428571,187,"2021"
2021-07-07,"OUT",3793,3633.14285714286,188,"2021"
2021-07-07,"EXPORTS",1036,1077.71428571429,188,"2021"
2021-07-07,"SJR",1240,1288.57142857143,188,"2021"
2021-07-08,"OUT",3966,3709.71428571429,189,"2021"
2021-07-08,"EXPORTS",1072,1077,189,"2021"
2021-07-08,"SJR",1230,1278.57142857143,189,"2021"
2021-07-09,"OUT",3744,3717.42857142857,190,"2021"
2021-07-09,"EXPORTS",1088,1076.85714285714,190,"2021"
2021-07-09,"SJR",1220,1267.14285714286,190,"2021"
2021-07-10,"OUT",3549,3702.71428571429,191,"2021"
2021-07-10,"EXPORTS",1104,1072.28571428571,191,"2021"
2021-07-10,"SJR",1250,1265.71428571429,191,"2021"
2021-07-11,"OUT",3638,3673.14285714286,192,"2021"
2021-07-11,"EXPORTS",1101,1073.14285714286,192,"2021"
2021-07-11,"SJR",1310,1270,192,"2021"
2021-07-12,"OUT",3656,3631.71428571429,193,"2021"
2021-07-12,"EXPORTS",1073,1068.28571428571,193,"2021"
2021-07-12,"SJR",1330,1274.28571428571,193,"2021"
2021-07-13,"OUT",3573,3583.28571428571,194,"2021"
2021-07-13,"EXPORTS",1032,1105.14285714286,194,"2021"
2021-07-13,"SJR",1280,1281.42857142857,194,"2021"
2021-07-14,"OUT",3586,3550,195,"2021"
2021-07-14,"EXPORTS",1042,1143.14285714286,195,"2021"
2021-07-14,"SJR",1270,1284.28571428571,195,"2021"
2021-07-15,"OUT",3676,3525,196,"2021"
2021-07-15,"EXPORTS",1038,1182.85714285714,196,"2021"
2021-07-15,"SJR",1260,1290,196,"2021"
2021-07-16,"OUT",3405,3499.28571428571,197,"2021"
2021-07-16,"EXPORTS",1346,1223.85714285714,197,"2021"
2021-07-16,"SJR",1270,1287.14285714286,197,"2021"
2021-07-17,"OUT",3316,3472,198,"2021"
2021-07-17,"EXPORTS",1370,1268.28571428571,198,"2021"
2021-07-17,"SJR",1270,1277.14285714286,198,"2021"
2021-07-18,"OUT",3463,3449.71428571429,199,"2021"
2021-07-18,"EXPORTS",1379,1308.71428571429,199,"2021"
2021-07-18,"SJR",1350,1274.28571428571,199,"2021"
2021-07-19,"OUT",3476,3439.42857142857,200,"2021"
2021-07-19,"EXPORTS",1360,1351,200,"2021"
2021-07-19,"SJR",1310,1271.42857142857,200,"2021"
2021-07-20,"OUT",3382,3468.42857142857,201,"2021"
2021-07-20,"EXPORTS",1343,1357,201,"2021"
2021-07-20,"SJR",1210,1268.57142857143,201,"2021"
2021-07-21,"OUT",3430,3479.14285714286,202,"2021"
2021-07-21,"EXPORTS",1325,1361.42857142857,202,"2021"
2021-07-21,"SJR",1250,1268.57142857143,202,"2021"
2021-07-22,"OUT",3604,3475.42857142857,203,"2021"
2021-07-22,"EXPORTS",1334,1365.14285714286,203,"2021"
2021-07-22,"SJR",1240,1265.71428571429,203,"2021"
2021-07-23,"OUT",3608,3515.42857142857,204,"2021"
2021-07-23,"EXPORTS",1388,1369.57142857143,204,"2021"
2021-07-23,"SJR",1250,1268.57142857143,204,"2021"
2021-07-24,"OUT",3391,3610.28571428571,205,"2021"
2021-07-24,"EXPORTS",1401,1376.57142857143,205,"2021"
2021-07-24,"SJR",1270,1277.14285714286,205,"2021"
2021-07-25,"OUT",3437,3613,206,"2021"
2021-07-25,"EXPORTS",1405,1390.57142857143,206,"2021"
2021-07-25,"SJR",1330,1280,206,"2021"
2021-07-26,"OUT",3756,3570.42857142857,207,"2021"
2021-07-26,"EXPORTS",1391,1402.85714285714,207,"2021"
2021-07-26,"SJR",1330,1282.85714285714,207,"2021"
2021-07-27,"OUT",4046,3514,208,"2021"
2021-07-27,"EXPORTS",1392,1405.14285714286,208,"2021"
2021-07-27,"SJR",1270,1280,208,"2021"
2021-07-28,"OUT",3449,3469.57142857143,209,"2021"
2021-07-28,"EXPORTS",1423,1407.14285714286,209,"2021"
2021-07-28,"SJR",1270,1272.85714285714,209,"2021"
2021-07-29,"OUT",3306,3431.85714285714,210,"2021"
2021-07-29,"EXPORTS",1420,1400.14285714286,210,"2021"
2021-07-29,"SJR",1260,1271.42857142857,210,"2021"
2021-07-30,"OUT",3213,3364,211,"2021"
2021-07-30,"EXPORTS",1404,1393.71428571429,211,"2021"
2021-07-30,"SJR",1230,1270,211,"2021"
2021-07-31,"OUT",3080,3258.28571428571,212,"2021"
2021-07-31,"EXPORTS",1415,1383.28571428571,212,"2021"
2021-07-31,"SJR",1220,1265.71428571429,212,"2021"
2021-08-01,"OUT",3173,3218.14285714286,213,"2021"
2021-08-01,"EXPORTS",1356,1369.28571428571,213,"2021"
2021-08-01,"SJR",1320,1261.42857142857,213,"2021"
2021-08-02,"OUT",3281,3244.28571428571,214,"2021"
2021-08-02,"EXPORTS",1346,1351,214,"2021"
2021-08-02,"SJR",1320,1262.85714285714,214,"2021"
2021-08-03,"OUT",3306,3301.28571428571,215,"2021"
2021-08-03,"EXPORTS",1319,1337.42857142857,215,"2021"
2021-08-03,"SJR",1240,1270,215,"2021"
2021-08-04,"OUT",3168,3369.14285714286,216,"2021"
2021-08-04,"EXPORTS",1325,1320.42857142857,216,"2021"
2021-08-04,"SJR",1240,1282.85714285714,216,"2021"
2021-08-05,"OUT",3489,3368.85714285714,217,"2021"
2021-08-05,"EXPORTS",1292,1366.71428571429,217,"2021"
2021-08-05,"SJR",1270,1288.57142857143,217,"2021"
2021-08-06,"OUT",3612,3465.42857142857,218,"2021"
2021-08-06,"EXPORTS",1309,1310.28571428571,218,"2021"
2021-08-06,"SJR",1280,1288.57142857143,218,"2021"
2021-08-07,"OUT",3555,3514.85714285714,219,"2021"
2021-08-07,"EXPORTS",1296,1298.57142857143,219,"2021"
2021-08-07,"SJR",1310,1292.85714285714,219,"2021"
2021-08-08,"OUT",3171,3593.28571428571,220,"2021"
2021-08-08,"EXPORTS",1680,1283.14285714286,220,"2021"
2021-08-08,"SJR",1360,1294.28571428571,220,"2021"
2021-08-09,"OUT",3957,3623.14285714286,221,"2021"
2021-08-09,"EXPORTS",951,1276.85714285714,221,"2021"
2021-08-09,"SJR",1320,1294.28571428571,221,"2021"
2021-08-10,"OUT",3652,3646.57142857143,222,"2021"
2021-08-10,"EXPORTS",1237,1273.14285714286,222,"2021"
2021-08-10,"SJR",1270,1291.42857142857,222,"2021"
2021-08-11,"OUT",3717,3664.14285714286,223,"2021"
2021-08-11,"EXPORTS",1217,1272.42857142857,223,"2021"
2021-08-11,"SJR",1250,1284.28571428571,223,"2021"
2021-08-12,"OUT",3698,3703.14285714286,224,"2021"
2021-08-12,"EXPORTS",1248,1214.42857142857,224,"2021"
2021-08-12,"SJR",1270,1247.14285714286,224,"2021"
2021-08-13,"OUT",3776,3660.71428571429,225,"2021"
2021-08-13,"EXPORTS",1283,1258.42857142857,225,"2021"
2021-08-13,"SJR",1260,1204.28571428571,225,"2021"
2021-08-14,"OUT",3678,3686,226,"2021"
2021-08-14,"EXPORTS",1291,1267.57142857143,226,"2021"
2021-08-14,"SJR",1260,1155.57142857143,226,"2021"
2021-08-15,"OUT",3444,3731.57142857143,227,"2021"
2021-08-15,"EXPORTS",1274,1280,227,"2021"
2021-08-15,"SJR",1100,1081.85714285714,227,"2021"
2021-08-16,"OUT",3660,3795.71428571429,228,"2021"
2021-08-16,"EXPORTS",1259,1285.28571428571,228,"2021"
2021-08-16,"SJR",1020,987,228,"2021"
2021-08-17,"OUT",3829,3803.14285714286,229,"2021"
2021-08-17,"EXPORTS",1301,1307.71428571429,229,"2021"
2021-08-17,"SJR",929,889.285714285714,229,"2021"
2021-08-18,"OUT",4036,3823,230,"2021"
2021-08-18,"EXPORTS",1304,1338.28571428571,230,"2021"
2021-08-18,"SJR",734,788.857142857143,230,"2021"
2021-08-19,"OUT",4147,3895.28571428571,231,"2021"
2021-08-19,"EXPORTS",1285,1365.14285714286,231,"2021"
2021-08-19,"SJR",606,712.142857142857,231,"2021"
2021-08-20,"OUT",3828,3919.42857142857,232,"2021"
2021-08-20,"EXPORTS",1440,1393.85714285714,232,"2021"
2021-08-20,"SJR",576,642,232,"2021"
2021-08-21,"OUT",3817,3930.14285714286,233,"2021"
2021-08-21,"EXPORTS",1505,1417.57142857143,233,"2021"
2021-08-21,"SJR",557,579,233,"2021"
2021-08-22,"OUT",3950,3904.42857142857,234,"2021"
2021-08-22,"EXPORTS",1462,1439.85714285714,234,"2021"
2021-08-22,"SJR",563,541.428571428571,234,"2021"
2021-08-23,"OUT",3829,3882.28571428571,235,"2021"
2021-08-23,"EXPORTS",1460,1458.28571428571,235,"2021"
2021-08-23,"SJR",529,515.428571428571,235,"2021"
2021-08-24,"OUT",3904,3911.57142857143,236,"2021"
2021-08-24,"EXPORTS",1467,1432,236,"2021"
2021-08-24,"SJR",488,494.571428571429,236,"2021"
2021-08-25,"OUT",3856,3900.85714285714,237,"2021"
2021-08-25,"EXPORTS",1460,1416.57142857143,237,"2021"
2021-08-25,"SJR",471,473.857142857143,237,"2021"
2021-08-26,"OUT",3992,3852.42857142857,238,"2021"
2021-08-26,"EXPORTS",1414,1404.85714285714,238,"2021"
2021-08-26,"SJR",424,452.142857142857,238,"2021"
2021-08-27,"OUT",4033,3810.71428571429,239,"2021"
2021-08-27,"EXPORTS",1256,1395.85714285714,239,"2021"
2021-08-27,"SJR",430,437.285714285714,239,"2021"
2021-08-28,"OUT",3742,3752.28571428571,240,"2021"
2021-08-28,"EXPORTS",1397,1389,240,"2021"
2021-08-28,"SJR",412,428.714285714286,240,"2021"
2021-08-29,"OUT",3611,3620.14285714286,241,"2021"
2021-08-29,"EXPORTS",1380,1484.14285714286,241,"2021"
2021-08-29,"SJR",411,421.571428571429,241,"2021"
2021-08-30,"OUT",3537,3492,242,"2021"
2021-08-30,"EXPORTS",1397,1585,242,"2021"
2021-08-30,"SJR",425,417.857142857143,242,"2021"
2021-08-31,"OUT",3495,3391.71428571429,243,"2021"
2021-08-31,"EXPORTS",1419,1699.14285714286,243,"2021"
2021-08-31,"SJR",428,412.428571428571,243,"2021"
2021-09-01,"OUT",2931,3345.14285714286,244,"2021"
2021-09-01,"EXPORTS",2126,1796.71428571429,244,"2021"
2021-09-01,"SJR",421,406.428571428571,244,"2021"
2021-09-02,"OUT",3095,3345.14285714286,245,"2021"
2021-09-02,"EXPORTS",2120,1894.14285714286,245,"2021"
2021-09-02,"SJR",398,408.285714285714,245,"2021"
2021-09-03,"OUT",3331,3350.57142857143,246,"2021"
2021-09-03,"EXPORTS",2055,1988.57142857143,246,"2021"
2021-09-03,"SJR",392,411.571428571429,246,"2021"
2021-09-04,"OUT",3416,3328.28571428571,247,"2021"
2021-09-04,"EXPORTS",2080,2078,247,"2021"
2021-09-04,"SJR",370,412.428571428571,247,"2021"
2021-09-05,"OUT",3611,3373,248,"2021"
2021-09-05,"EXPORTS",2062,2062.85714285714,248,"2021"
2021-09-05,"SJR",424,407.428571428571,248,"2021"
2021-09-06,"OUT",3575,3395.71428571429,249,"2021"
2021-09-06,"EXPORTS",2058,2052.42857142857,249,"2021"
2021-09-06,"SJR",448,396.714285714286,249,"2021"
2021-09-07,"OUT",3339,3476,250,"2021"
2021-09-07,"EXPORTS",2045,2072.71428571429,250,"2021"
2021-09-07,"SJR",434,386.857142857143,250,"2021"
2021-09-08,"OUT",3244,3525.85714285714,251,"2021"
2021-09-08,"EXPORTS",2020,2112,251,"2021"
2021-09-08,"SJR",386,382.714285714286,251,"2021"
2021-09-09,"OUT",3254,3548.42857142857,252,"2021"
2021-09-09,"EXPORTS",2047,2146.85714285714,252,"2021"
2021-09-09,"SJR",323,379.285714285714,252,"2021"
2021-09-10,"OUT",3893,3572.14285714286,253,"2021"
2021-09-10,"EXPORTS",2197,2181.28571428571,253,"2021"
2021-09-10,"SJR",323,374,253,"2021"
2021-09-11,"OUT",3765,3619,254,"2021"
2021-09-11,"EXPORTS",2355,2224.14285714286,254,"2021"
2021-09-11,"SJR",341,365.857142857143,254,"2021"
2021-09-12,"OUT",3769,3523.57142857143,255,"2021"
2021-09-12,"EXPORTS",2306,2364.42857142857,255,"2021"
2021-09-12,"SJR",400,372.428571428571,255,"2021"
2021-09-13,"OUT",3741,3448.28571428571,256,"2021"
2021-09-13,"EXPORTS",2299,2501.28571428571,256,"2021"
2021-09-13,"SJR",411,392.714285714286,256,"2021"
2021-09-14,"OUT",3667,3289.28571428571,257,"2021"
2021-09-14,"EXPORTS",2345,2628.71428571429,257,"2021"
2021-09-14,"SJR",377,415.428571428571,257,"2021"
2021-09-15,"OUT",2576,3162.14285714286,258,"2021"
2021-09-15,"EXPORTS",3002,2735.28571428571,258,"2021"
2021-09-15,"SJR",432,434.428571428571,258,"2021"
2021-09-16,"OUT",2727,3052.85714285714,259,"2021"
2021-09-16,"EXPORTS",3005,2868.85714285714,259,"2021"
2021-09-16,"SJR",465,451.428571428571,259,"2021"
2021-09-17,"OUT",2780,2921.85714285714,260,"2021"
2021-09-17,"EXPORTS",3089,2999.71428571429,260,"2021"
2021-09-17,"SJR",482,463.142857142857,260,"2021"
2021-09-18,"OUT",2875,2765.57142857143,261,"2021"
2021-09-18,"EXPORTS",3101,3124.14285714286,261,"2021"
2021-09-18,"SJR",474,470.285714285714,261,"2021"
2021-09-19,"OUT",3004,2742,262,"2021"
2021-09-19,"EXPORTS",3241,3156.42857142857,262,"2021"
2021-09-19,"SJR",519,468.285714285714,262,"2021"
2021-09-20,"OUT",2824,2701,263,"2021"
2021-09-20,"EXPORTS",3215,3197.57142857143,263,"2021"
2021-09-20,"SJR",493,451,263,"2021"
2021-09-21,"OUT",2573,2636.14285714286,264,"2021"
2021-09-21,"EXPORTS",3216,3232,264,"2021"
2021-09-21,"SJR",427,425.571428571429,264,"2021"
2021-09-22,"OUT",2411,2553.71428571429,265,"2021"
2021-09-22,"EXPORTS",3228,3263.57142857143,265,"2021"
2021-09-22,"SJR",418,403.142857142857,265,"2021"
2021-09-23,"OUT",2440,2447.42857142857,266,"2021"
2021-09-23,"EXPORTS",3293,3275.28571428571,266,"2021"
2021-09-23,"SJR",344,377.571428571429,266,"2021"
2021-09-24,"OUT",2326,2375.28571428571,267,"2021"
2021-09-24,"EXPORTS",3330,3290.57142857143,267,"2021"
2021-09-24,"SJR",304,354.285714285714,267,"2021"
2021-09-25,"OUT",2298,2401.14285714286,268,"2021"
2021-09-25,"EXPORTS",3322,3291,268,"2021"
2021-09-25,"SJR",317,334,268,"2021"
2021-09-26,"OUT",2260,2572.42857142857,269,"2021"
2021-09-26,"EXPORTS",3323,3156.14285714286,269,"2021"
2021-09-26,"SJR",340,314,269,"2021"
2021-09-27,"OUT",2319,2823.42857142857,270,"2021"
2021-09-27,"EXPORTS",3322,2933.85714285714,270,"2021"
2021-09-27,"SJR",330,307.285714285714,270,"2021"
2021-09-28,"OUT",2754,NA,271,"2021"
2021-09-28,"EXPORTS",3219,NA,271,"2021"
2021-09-28,"SJR",285,NA,271,"2021"
2021-09-29,"OUT",3610,NA,272,"2021"
2021-09-29,"EXPORTS",2284,NA,272,"2021"
2021-09-29,"SJR",278,NA,272,"2021"
2021-09-30,"OUT",4197,NA,273,"2021"
2021-09-30,"EXPORTS",1737,NA,273,"2021"
2021-09-30,"SJR",297,NA,273,"2021"
NA,"EXPORTS",7098,6412.82205378881,1,"Historic Mean"
NA,"EXPORTS",7067.12,6302.74916806434,2,"Historic Mean"
NA,"EXPORTS",7005.24,6241.15491909286,3,"Historic Mean"
NA,"EXPORTS",6892.56,6210.66737141861,4,"Historic Mean"
NA,"EXPORTS",6745.8,6244.99022735502,5,"Historic Mean"
NA,"EXPORTS",6878.52,6237.909815799,6,"Historic Mean"
NA,"EXPORTS",7093.84,6255.15339595722,7,"Historic Mean"
NA,"EXPORTS",7071.68,6308.33527145182,8,"Historic Mean"
NA,"EXPORTS",6877.68,6379.16560203689,9,"Historic Mean"
NA,"EXPORTS",7158.28,6431.64946949818,10,"Historic Mean"
NA,"EXPORTS",7272.48,6479.60895978042,11,"Historic Mean"
NA,"EXPORTS",7317.16,6492.60364771848,12,"Historic Mean"
NA,"EXPORTS",7454.56,6510.88442468751,13,"Historic Mean"
NA,"EXPORTS",7317.12,6464.29465008147,14,"Historic Mean"
NA,"EXPORTS",6938.44,6353.03332282007,15,"Historic Mean"
NA,"EXPORTS",6874.56,6203.52038314357,16,"Historic Mean"
NA,"EXPORTS",6720.32,6037.71075248207,17,"Historic Mean"
NA,"EXPORTS",6555.76,5918.61906845498,18,"Historic Mean"
NA,"EXPORTS",6571.6,5912.83814667468,19,"Historic Mean"
NA,"EXPORTS",6638.36,5891.54476885312,20,"Historic Mean"
NA,"EXPORTS",6795.64,5888.27903837466,21,"Historic Mean"
NA,"EXPORTS",7049.56,5878.99390413697,22,"Historic Mean"
NA,"EXPORTS",7065.76,5906.00033761497,23,"Historic Mean"
NA,"EXPORTS",7058.96,5890.0717878941,24,"Historic Mean"
NA,"EXPORTS",6885.04,5941.08500446765,25,"Historic Mean"
NA,"EXPORTS",7002.4,5878.25502492361,26,"Historic Mean"
NA,"EXPORTS",6669.72,5896.02236922979,27,"Historic Mean"
NA,"EXPORTS",6855.24,5860.06702333553,28,"Historic Mean"
NA,"EXPORTS",7045.16,5836.67725826612,29,"Historic Mean"
NA,"EXPORTS",7072.24,5819.6930631003,30,"Historic Mean"
NA,"EXPORTS",6959.76,5804.61927877369,31,"Historic Mean"
NA,"EXPORTS",6743.88,5725.84288334194,32,"Historic Mean"
NA,"EXPORTS",6616.16,5632.13681402186,33,"Historic Mean"
NA,"EXPORTS",6449.8,5535.18565180683,34,"Historic Mean"
NA,"EXPORTS",6313.68,5497.53091131648,35,"Historic Mean"
NA,"EXPORTS",6492.56,5516.00089967418,36,"Historic Mean"
NA,"EXPORTS",6591.84,5612.64655044237,37,"Historic Mean"
NA,"EXPORTS",6640.88,5694.68560315767,38,"Historic Mean"
NA,"EXPORTS",6696.92,5871.30829447843,39,"Historic Mean"
NA,"EXPORTS",6961.6,6014.49450119132,40,"Historic Mean"
NA,"EXPORTS",6843.76,6123.64888064091,41,"Historic Mean"
NA,"EXPORTS",6886.88,6183.91112138353,42,"Historic Mean"
NA,"EXPORTS",6899.12,6224.67622740432,43,"Historic Mean"
NA,"EXPORTS",6950.16,6234.87988316385,44,"Historic Mean"
NA,"EXPORTS",6717.52,6244.5960921152,45,"Historic Mean"
NA,"EXPORTS",6698.72,6237.49241352042,46,"Historic Mean"
NA,"EXPORTS",7032.44,6203.91058510153,47,"Historic Mean"
NA,"EXPORTS",6913.16,6173.21736936806,48,"Historic Mean"
NA,"EXPORTS",6789.16,6158.03063770495,49,"Historic Mean"
NA,"EXPORTS",6743.04,6086.26272589234,50,"Historic Mean"
NA,"EXPORTS",6747.6,5943.11052086124,51,"Historic Mean"
NA,"EXPORTS",6897.72,5840.37750346998,52,"Historic Mean"
NA,"EXPORTS",6692,5739.09748923596,53,"Historic Mean"
NA,"EXPORTS",6527.72,5680.8629151156,54,"Historic Mean"
NA,"EXPORTS",6723.68,5668.20991048546,55,"Historic Mean"
NA,"EXPORTS",6665.48,5627.75022821147,56,"Historic Mean"
NA,"EXPORTS",6560.48,5642.34405846961,57,"Historic Mean"
NA,"EXPORTS",6405.64,5712.74577024043,58,"Historic Mean"
NA,"EXPORTS",6335.92,5713.54893179771,59,"Historic Mean"
NA,"EXPORTS",6471.12,5721.79141502996,60,"Historic Mean"
NA,"EXPORTS",6607.08,5747.19121159542,61,"Historic Mean"
NA,"EXPORTS",6481.44,5776.78209936057,62,"Historic Mean"
NA,"EXPORTS",6518.96,5802.46009778822,63,"Historic Mean"
NA,"EXPORTS",6690.92,5825.42578059176,64,"Historic Mean"
NA,"EXPORTS",6789.52,5856.69580948373,65,"Historic Mean"
NA,"EXPORTS",6665,5883.28046270868,66,"Historic Mean"
NA,"EXPORTS",6629.4,5897.24466842569,67,"Historic Mean"
NA,"EXPORTS",6596.48,5879.56838647222,68,"Historic Mean"
NA,"EXPORTS",6308.48,5839.89049458588,69,"Historic Mean"
NA,"EXPORTS",6243.44,5793.26993935856,70,"Historic Mean"
NA,"EXPORTS",6332.24,5724.2206644709,71,"Historic Mean"
NA,"EXPORTS",6354.68,5679.81631605663,72,"Historic Mean"
NA,"EXPORTS",6312.92,5669.86952359466,73,"Historic Mean"
NA,"EXPORTS",6031.32,5675.37620527243,74,"Historic Mean"
NA,"EXPORTS",6121.28,5693.19491865098,75,"Historic Mean"
NA,"EXPORTS",6229.88,5704.63673035745,76,"Historic Mean"
NA,"EXPORTS",6328.52,5720.77382477305,77,"Historic Mean"
NA,"EXPORTS",6473.12,5723.48222102096,78,"Historic Mean"
NA,"EXPORTS",6490.96,5669.01604057549,79,"Historic Mean"
NA,"EXPORTS",6494.48,5572.29492138098,80,"Historic Mean"
NA,"EXPORTS",6215.16,5430.10368326703,81,"Historic Mean"
NA,"EXPORTS",5887.32,5268.94955983885,82,"Historic Mean"
NA,"EXPORTS",5609.16,5117.17101790621,83,"Historic Mean"
NA,"EXPORTS",5352.96,4987.99010094348,84,"Historic Mean"
NA,"EXPORTS",5314.6,4889.08527120258,85,"Historic Mean"
NA,"EXPORTS",5395.36,4830.47039543263,86,"Historic Mean"
NA,"EXPORTS",5602.84,4861.66851429808,87,"Historic Mean"
NA,"EXPORTS",5635.28,4841.3679539126,88,"Historic Mean"
NA,"EXPORTS",5688.08,4792.32273855869,89,"Historic Mean"
NA,"EXPORTS",5747.4,4717.69290345492,90,"Historic Mean"
NA,"EXPORTS",5036.56,4589.31912004728,91,"Historic Mean"
NA,"EXPORTS",4853.88,4441.69246260609,92,"Historic Mean"
NA,"EXPORTS",4892.56,4240.13927352957,93,"Historic Mean"
NA,"EXPORTS",4851.64,4013.82959263065,94,"Historic Mean"
NA,"EXPORTS",4831.6,3945.97404872139,95,"Historic Mean"
NA,"EXPORTS",4579.16,3919.58626235377,96,"Historic Mean"
NA,"EXPORTS",4645.56,3892.30831323517,97,"Historic Mean"
NA,"EXPORTS",4686.68,3872.68363354968,98,"Historic Mean"
NA,"EXPORTS",4538.48,3854.34152571479,99,"Historic Mean"
NA,"EXPORTS",4658.28,3847.26606581913,100,"Historic Mean"
NA,"EXPORTS",4496.12,3781.64000303391,101,"Historic Mean"
NA,"EXPORTS",4522.84,3638.52251045521,102,"Historic Mean"
NA,"EXPORTS",4432.16,3504.22282127088,103,"Historic Mean"
NA,"EXPORTS",4139.8,3349.04593846011,104,"Historic Mean"
NA,"EXPORTS",3368,3199.24831536474,105,"Historic Mean"
NA,"EXPORTS",3233.12,3025.34374735137,106,"Historic Mean"
NA,"EXPORTS",2988.04,2834.08346853583,107,"Historic Mean"
NA,"EXPORTS",2874.12,2671.37760702238,108,"Historic Mean"
NA,"EXPORTS",2798.88,2609.14367028763,109,"Historic Mean"
NA,"EXPORTS",2700.72,2561.0559129187,110,"Historic Mean"
NA,"EXPORTS",2902.16,2522.48260434975,111,"Historic Mean"
NA,"EXPORTS",2854.08,2490.78746838854,112,"Historic Mean"
NA,"EXPORTS",2815.36,2453.50317275389,113,"Historic Mean"
NA,"EXPORTS",2693.6,2435.3519835266,114,"Historic Mean"
NA,"EXPORTS",2576.12,2399.41482725425,115,"Historic Mean"
NA,"EXPORTS",2494.84,2392.44689698158,116,"Historic Mean"
NA,"EXPORTS",2558.52,2396.76106479791,117,"Historic Mean"
NA,"EXPORTS",2815.72,2411.01693314404,118,"Historic Mean"
NA,"EXPORTS",2914.08,2432.18503070296,119,"Historic Mean"
NA,"EXPORTS",2799.28,2431.20302590354,120,"Historic Mean"
NA,"EXPORTS",2735.28,2426.39653821793,121,"Historic Mean"
NA,"EXPORTS",2760.28,2397.4893562157,122,"Historic Mean"
NA,"EXPORTS",2492.12,2362.829300168,123,"Historic Mean"
NA,"EXPORTS",2513.32,2328.12975843175,124,"Historic Mean"
NA,"EXPORTS",2491.44,2288.51451435899,125,"Historic Mean"
NA,"EXPORTS",2529.68,2230.09782073253,126,"Historic Mean"
NA,"EXPORTS",2527.08,2221.80446616064,127,"Historic Mean"
NA,"EXPORTS",2465.24,2202.77694431182,128,"Historic Mean"
NA,"EXPORTS",2438.32,2212.4036185244,129,"Historic Mean"
NA,"EXPORTS",2474.44,2197.63423667068,130,"Historic Mean"
NA,"EXPORTS",2435.4,2207.80528665505,131,"Historic Mean"
NA,"EXPORTS",2555.92,2208.64685944323,132,"Historic Mean"
NA,"EXPORTS",2496.4,2223.76383894079,133,"Historic Mean"
NA,"EXPORTS",2596.36,2226.63439909619,134,"Historic Mean"
NA,"EXPORTS",2401.72,2265.57144172994,135,"Historic Mean"
NA,"EXPORTS",2408.64,2270.76577135655,136,"Historic Mean"
NA,"EXPORTS",2425.64,2279.97307628723,137,"Historic Mean"
NA,"EXPORTS",2606.88,2270.21777412173,138,"Historic Mean"
NA,"EXPORTS",2569.6,2286.20886198572,139,"Historic Mean"
NA,"EXPORTS",2536.28,2311.39444098204,140,"Historic Mean"
NA,"EXPORTS",2549.72,2347.73112211996,141,"Historic Mean"
NA,"EXPORTS",2658.84,2383.49305444321,142,"Historic Mean"
NA,"EXPORTS",2739.24,2440.99101816701,143,"Historic Mean"
NA,"EXPORTS",2791.76,2512.89485773498,144,"Historic Mean"
NA,"EXPORTS",2827.52,2576.00651387274,145,"Historic Mean"
NA,"EXPORTS",2824.32,2626.50640417829,146,"Historic Mean"
NA,"EXPORTS",3009.16,2708.43722645621,147,"Historic Mean"
NA,"EXPORTS",3050.44,2776.58529049951,148,"Historic Mean"
NA,"EXPORTS",3138.8,2954.64555486151,149,"Historic Mean"
NA,"EXPORTS",3580.16,3161.61578822535,150,"Historic Mean"
NA,"EXPORTS",3647.52,3367.15775444736,151,"Historic Mean"
NA,"EXPORTS",4578.4,3549.7704779559,152,"Historic Mean"
NA,"EXPORTS",4891.6,3736.77201005224,153,"Historic Mean"
NA,"EXPORTS",5158.44,3870.73339448057,154,"Historic Mean"
NA,"EXPORTS",5113.12,4013.31610268579,155,"Historic Mean"
NA,"EXPORTS",5161.68,4064.23556675425,156,"Historic Mean"
NA,"EXPORTS",5232.6,4108.81299852907,157,"Historic Mean"
NA,"EXPORTS",5208.08,4105.55346918423,158,"Historic Mean"
NA,"EXPORTS",5197.96,4134.79375713906,159,"Historic Mean"
NA,"EXPORTS",5282.28,4142.77410930308,160,"Historic Mean"
NA,"EXPORTS",5315.2,4174.27469504176,161,"Historic Mean"
NA,"EXPORTS",5201.2,4202.89027759085,162,"Historic Mean"
NA,"EXPORTS",5258.56,4234.22298909304,163,"Historic Mean"
NA,"EXPORTS",5391.84,4225.58037411809,164,"Historic Mean"
NA,"EXPORTS",5430.92,4272.60091384302,165,"Historic Mean"
NA,"EXPORTS",5326.28,4303.49529854635,166,"Historic Mean"
NA,"EXPORTS",5309.56,4342.34393309225,167,"Historic Mean"
NA,"EXPORTS",5571.48,4355.57366066868,168,"Historic Mean"
NA,"EXPORTS",5436.92,4360.81851905976,169,"Historic Mean"
NA,"EXPORTS",5414.2,4378.62436057983,170,"Historic Mean"
NA,"EXPORTS",5460.68,4453.205930702,171,"Historic Mean"
NA,"EXPORTS",5358.4,4488.6573057673,172,"Historic Mean"
NA,"EXPORTS",5479.4,4553.4465306664,173,"Historic Mean"
NA,"EXPORTS",5927.76,4656.85540460414,174,"Historic Mean"
NA,"EXPORTS",5888.92,4762.7132385743,175,"Historic Mean"
NA,"EXPORTS",5867.64,4859.71310498448,176,"Historic Mean"
NA,"EXPORTS",6147.44,4960.47649019229,177,"Historic Mean"
NA,"EXPORTS",6214.88,5036.94681009027,178,"Historic Mean"
NA,"EXPORTS",6080.4,5311.30809480808,179,"Historic Mean"
NA,"EXPORTS",6065.08,5669.05957186987,180,"Historic Mean"
NA,"EXPORTS",6298.52,5992.20306302106,181,"Historic Mean"
NA,"EXPORTS",7849.32,6287.06670231601,182,"Historic Mean"
NA,"EXPORTS",8525.36,6602.93296977458,183,"Historic Mean"
NA,"EXPORTS",8585.92,6889.50766093149,184,"Historic Mean"
NA,"EXPORTS",8519.44,7107.04019929693,185,"Historic Mean"
NA,"EXPORTS",8578.92,7165.82608909286,186,"Historic Mean"
NA,"EXPORTS",8337.52,7179.8892736119,187,"Historic Mean"
NA,"EXPORTS",8086.36,7185.56228885932,188,"Historic Mean"
NA,"EXPORTS",8394.08,7215.93813261906,189,"Historic Mean"
NA,"EXPORTS",8685.64,7238.03991766735,190,"Historic Mean"
NA,"EXPORTS",8789.2,7259.40692288751,191,"Historic Mean"
NA,"EXPORTS",8824.56,7341.00181548241,192,"Historic Mean"
NA,"EXPORTS",8815.8,7431.85049959782,193,"Historic Mean"
NA,"EXPORTS",8707.52,7477.91877114824,194,"Historic Mean"
NA,"EXPORTS",8836.52,7509.68383381324,195,"Historic Mean"
NA,"EXPORTS",9075.6,7543.76444944721,196,"Historic Mean"
NA,"EXPORTS",9020.4,7550.6358025438,197,"Historic Mean"
NA,"EXPORTS",8868.36,7585.12738703465,198,"Historic Mean"
NA,"EXPORTS",8951.44,7598.24317623994,199,"Historic Mean"
NA,"EXPORTS",8912.4,7552.83927914573,200,"Historic Mean"
NA,"EXPORTS",8949.36,7549.07643078007,201,"Historic Mean"
NA,"EXPORTS",9000.68,7589.81430182796,202,"Historic Mean"
NA,"EXPORTS",9001.72,7606.42927805925,203,"Historic Mean"
NA,"EXPORTS",9134.52,7664.53454862356,204,"Historic Mean"
NA,"EXPORTS",9045.44,7702.63048892963,205,"Historic Mean"
NA,"EXPORTS",9044.8,7693.70006244347,206,"Historic Mean"
NA,"EXPORTS",9081.96,7719.09295734451,207,"Historic Mean"
NA,"EXPORTS",9031.96,7727.93817128565,208,"Historic Mean"
NA,"EXPORTS",8884.64,7723.78905424678,209,"Historic Mean"
NA,"EXPORTS",8967,7712.25435065885,210,"Historic Mean"
NA,"EXPORTS",9016.64,7721.45003219396,211,"Historic Mean"
NA,"EXPORTS",8988.52,7724.68337564716,212,"Historic Mean"
NA,"EXPORTS",8873.72,7764.69067170843,213,"Historic Mean"
NA,"EXPORTS",9091.12,7812.30942827973,214,"Historic Mean"
NA,"EXPORTS",9127.6,7822.42457872155,215,"Historic Mean"
NA,"EXPORTS",9149.44,7839.6207441228,216,"Historic Mean"
NA,"EXPORTS",9356.76,7877.91470403994,217,"Historic Mean"
NA,"EXPORTS",9200.64,7828.26511907566,218,"Historic Mean"
NA,"EXPORTS",9212.84,7789.47547617074,219,"Historic Mean"
NA,"EXPORTS",9148.08,7729.21450824824,220,"Historic Mean"
NA,"EXPORTS",8830.88,7629.17778232853,221,"Historic Mean"
NA,"EXPORTS",8658.8,7570.32485903511,222,"Historic Mean"
NA,"EXPORTS",8619.28,7548.47624420243,223,"Historic Mean"
NA,"EXPORTS",8639.48,7504.3731326188,224,"Historic Mean"
NA,"EXPORTS",8725.72,7598.16891370349,225,"Historic Mean"
NA,"EXPORTS",8986.6,7702.20926000052,226,"Historic Mean"
NA,"EXPORTS",8944.92,7782.0369208744,227,"Historic Mean"
NA,"EXPORTS",9359.16,7870.54973404309,228,"Historic Mean"
NA,"EXPORTS",9370.88,7946.59016622851,229,"Historic Mean"
NA,"EXPORTS",9283.28,7978.3002756321,230,"Historic Mean"
NA,"EXPORTS",9323,8062.71482246528,231,"Historic Mean"
NA,"EXPORTS",9324.4,8111.47796920388,232,"Historic Mean"
NA,"EXPORTS",9315.88,8128.11199607804,233,"Historic Mean"
NA,"EXPORTS",9526.08,8193.12063412927,234,"Historic Mean"
NA,"EXPORTS",9682.8,8286.04250816261,235,"Historic Mean"
NA,"EXPORTS",9647.52,8357.1623099612,236,"Historic Mean"
NA,"EXPORTS",9596.2,8493.71651812547,237,"Historic Mean"
NA,"EXPORTS",9576.8,8571.11310814478,238,"Historic Mean"
NA,"EXPORTS",9556.44,8621.81482561568,239,"Historic Mean"
NA,"EXPORTS",9554.96,8694.14456166999,240,"Historic Mean"
NA,"EXPORTS",9436.76,8750.01756739262,241,"Historic Mean"
NA,"EXPORTS",9560.64,8738.79101913842,242,"Historic Mean"
NA,"EXPORTS",9580.8,8726.16795097529,243,"Historic Mean"
NA,"EXPORTS",9523.36,8684.77155570524,244,"Historic Mean"
NA,"EXPORTS",9256.4,8638.73526247009,245,"Historic Mean"
NA,"EXPORTS",9205.8,8593.96740082337,246,"Historic Mean"
NA,"EXPORTS",9186,8539.69404878393,247,"Historic Mean"
NA,"EXPORTS",9135.04,8439.87246257148,248,"Historic Mean"
NA,"EXPORTS",9200.48,8392.90831194456,249,"Historic Mean"
NA,"EXPORTS",9269.12,8371.31300816259,250,"Historic Mean"
NA,"EXPORTS",9088.04,8316.20424439892,251,"Historic Mean"
NA,"EXPORTS",9074.8,8277.58197077073,252,"Historic Mean"
NA,"EXPORTS",8934.96,8232.12360093347,253,"Historic Mean"
NA,"EXPORTS",8805.28,8168.81592930855,254,"Historic Mean"
NA,"EXPORTS",8747.44,8131.84441411506,255,"Historic Mean"
NA,"EXPORTS",8854.08,8086.64693025235,256,"Historic Mean"
NA,"EXPORTS",8753.96,8019.2731749453,257,"Historic Mean"
NA,"EXPORTS",8611.96,7993.75070220411,258,"Historic Mean"
NA,"EXPORTS",8639.68,7987.79389101613,259,"Historic Mean"
NA,"EXPORTS",8454.64,7952.0195109712,260,"Historic Mean"
NA,"EXPORTS",8532.68,7897.12009979467,261,"Historic Mean"
NA,"EXPORTS",8662.6,7847.09943077031,262,"Historic Mean"
NA,"EXPORTS",8591.04,7763.14614316665,263,"Historic Mean"
NA,"EXPORTS",8453.16,7706.57162768209,264,"Historic Mean"
NA,"EXPORTS",8424.96,7662.48854942107,265,"Historic Mean"
NA,"EXPORTS",8157,7633.36606923685,266,"Historic Mean"
NA,"EXPORTS",8173.8,7623.47299247416,267,"Historic Mean"
NA,"EXPORTS",8343.04,7633.31664155846,268,"Historic Mean"
NA,"EXPORTS",8576,7611.90560965865,269,"Historic Mean"
NA,"EXPORTS",8489.56,7645.04584861269,270,"Historic Mean"
NA,"EXPORTS",8412.32,7936.23758048937,271,"Historic Mean"
NA,"EXPORTS",8193.36,7860.74414524304,272,"Historic Mean"
NA,"EXPORTS",8466.08,7711.49042700461,273,"Historic Mean"
NA,"EXPORTS",8287.125,7534.03621120929,274,"Historic Mean"
NA,"EXPORTS",8207.64,7340.17783342489,275,"Historic Mean"
NA,"EXPORTS",7932.64,7163.220753357,276,"Historic Mean"
NA,"EXPORTS",7628.36,6931.50023636196,277,"Historic Mean"
NA,"EXPORTS",7488.72,6858.43081954012,278,"Historic Mean"
NA,"EXPORTS",7472.48,6653.20472757262,279,"Historic Mean"
NA,"EXPORTS",7374.4,6478.39265277621,280,"Historic Mean"
NA,"EXPORTS",7175.6,6370.60029456601,281,"Historic Mean"
NA,"EXPORTS",7071.76,6237.52064145261,282,"Historic Mean"
NA,"EXPORTS",7075.28,6132.04557784111,283,"Historic Mean"
NA,"EXPORTS",7060.96,6043.57496302882,284,"Historic Mean"
NA,"EXPORTS",6747.04,5981.21542123293,285,"Historic Mean"
NA,"EXPORTS",6902.16,5958.78416756128,286,"Historic Mean"
NA,"EXPORTS",6876.12,5953.53840998286,287,"Historic Mean"
NA,"EXPORTS",6861.12,5884.50980153993,288,"Historic Mean"
NA,"EXPORTS",6748.52,5857.56361883617,289,"Historic Mean"
NA,"EXPORTS",6815.64,5823.47983772098,290,"Historic Mean"
NA,"EXPORTS",6672.4,5755.86081534922,291,"Historic Mean"
NA,"EXPORTS",6560.48,5728.43619733668,292,"Historic Mean"
NA,"EXPORTS",6642.68,5695.41893456606,293,"Historic Mean"
NA,"EXPORTS",6532.96,5614.65149008948,294,"Historic Mean"
NA,"EXPORTS",6619.84,5617.09336880541,295,"Historic Mean"
NA,"EXPORTS",6523.52,5627.34831058696,296,"Historic Mean"
NA,"EXPORTS",6401.4,5603.6894030691,297,"Historic Mean"
NA,"EXPORTS",6639,5619.8766937815,298,"Historic Mean"
NA,"EXPORTS",6626.88,5623.12018345376,299,"Historic Mean"
NA,"EXPORTS",6703,5633.97476695193,300,"Historic Mean"
NA,"EXPORTS",6709.16,5688.58484922581,301,"Historic Mean"
NA,"EXPORTS",6717.8,5769.82881749326,302,"Historic Mean"
NA,"EXPORTS",6661.6,5801.41980245625,303,"Historic Mean"
NA,"EXPORTS",6565.76,5889.58309356678,304,"Historic Mean"
NA,"EXPORTS",6744.64,5976.14647087839,305,"Historic Mean"
NA,"EXPORTS",6585.12,6051.75113964464,306,"Historic Mean"
NA,"EXPORTS",6852.76,6128.09391162612,307,"Historic Mean"
NA,"EXPORTS",6912.24,6210.79376631429,308,"Historic Mean"
NA,"EXPORTS",6831.68,6211.8289748878,309,"Historic Mean"
NA,"EXPORTS",6888.28,6229.03125692236,310,"Historic Mean"
NA,"EXPORTS",6999.96,6190.57092577714,311,"Historic Mean"
NA,"EXPORTS",6697.6,6156.77790114322,312,"Historic Mean"
NA,"EXPORTS",6709.6,6157.36985898358,313,"Historic Mean"
NA,"EXPORTS",6612.48,6181.39856336891,314,"Historic Mean"
NA,"EXPORTS",6720.12,6204.97812825943,315,"Historic Mean"
NA,"EXPORTS",6821.8,6243.94356906685,316,"Historic Mean"
NA,"EXPORTS",6983.56,6263.93216507917,317,"Historic Mean"
NA,"EXPORTS",6906.8,6297.14483428039,318,"Historic Mean"
NA,"EXPORTS",6866.88,6276.42307985542,319,"Historic Mean"
NA,"EXPORTS",6741.24,6220.20791846339,320,"Historic Mean"
NA,"EXPORTS",6821.32,6136.95256013624,321,"Historic Mean"
NA,"EXPORTS",6623.64,6064.14003735332,322,"Historic Mean"
NA,"EXPORTS",6592.72,6001.281804794,323,"Historic Mean"
NA,"EXPORTS",6628.96,5957.4898659288,324,"Historic Mean"
NA,"EXPORTS",6699.4,5923.1478195015,325,"Historic Mean"
NA,"EXPORTS",6732.4,5927.64382700412,326,"Historic Mean"
NA,"EXPORTS",6758.84,5937.387011187,327,"Historic Mean"
NA,"EXPORTS",6849.4,5920.9801065547,328,"Historic Mean"
NA,"EXPORTS",6886.08,5924.51003802642,329,"Historic Mean"
NA,"EXPORTS",6861.88,5943.55966708744,330,"Historic Mean"
NA,"EXPORTS",6725.36,5957.77390107204,331,"Historic Mean"
NA,"EXPORTS",6898.48,5988.68860930545,332,"Historic Mean"
NA,"EXPORTS",6852.12,6022.3343706008,333,"Historic Mean"
NA,"EXPORTS",6835.76,6020.55364013153,334,"Historic Mean"
NA,"EXPORTS",6865.04,6052.04654932215,335,"Historic Mean"
NA,"EXPORTS",7148.48,6091.99412701578,336,"Historic Mean"
NA,"EXPORTS",7050,6176.39295484927,337,"Historic Mean"
NA,"EXPORTS",7207.84,6248.38156705998,338,"Historic Mean"
NA,"EXPORTS",7458.96,6302.10768333823,339,"Historic Mean"
NA,"EXPORTS",7742.4,6327.13171138861,340,"Historic Mean"
NA,"EXPORTS",7713.08,6318.73359110719,341,"Historic Mean"
NA,"EXPORTS",7506.96,6280.22771516971,342,"Historic Mean"
NA,"EXPORTS",7375.32,6221.01811860347,343,"Historic Mean"
NA,"EXPORTS",7039.36,6161.13080029612,344,"Historic Mean"
NA,"EXPORTS",7113.24,6133.93831928532,345,"Historic Mean"
NA,"EXPORTS",7111,6140.00743586462,346,"Historic Mean"
NA,"EXPORTS",7304.72,6126.7373070231,347,"Historic Mean"
NA,"EXPORTS",7497.04,6205.91225608131,348,"Historic Mean"
NA,"EXPORTS",7678.6,6285.04376709864,349,"Historic Mean"
NA,"EXPORTS",7587.6,6333.10781714963,350,"Historic Mean"
NA,"EXPORTS",7611.88,6363.22041693114,351,"Historic Mean"
NA,"EXPORTS",7598.4,6372.38026529256,352,"Historic Mean"
NA,"EXPORTS",7599.84,6425.55059747378,353,"Historic Mean"
NA,"EXPORTS",7334.52,6514.88982319226,354,"Historic Mean"
NA,"EXPORTS",7254.8,6571.6580843671,355,"Historic Mean"
NA,"EXPORTS",7405.08,6588.89251056763,356,"Historic Mean"
NA,"EXPORTS",7429.92,6548.57704823528,357,"Historic Mean"
NA,"EXPORTS",7474.48,6629.81687938348,358,"Historic Mean"
NA,"EXPORTS",7536.68,6665.36868692108,359,"Historic Mean"
NA,"EXPORTS",7496.12,6708.85889834479,360,"Historic Mean"
NA,"EXPORTS",7526.36,6710.62184572168,361,"Historic Mean"
NA,"EXPORTS",7307.12,6696.25101279873,362,"Historic Mean"
NA,"EXPORTS",7561.2,6617.52485157365,363,"Historic Mean"
NA,"EXPORTS",7490.76,6563.85742722894,364,"Historic Mean"
NA,"EXPORTS",7547.88,6452.05694190216,365,"Historic Mean"
NA,"EXPORTS",6053.57142857143,5586.70119162195,366,"Historic Mean"
NA,"OUT",47459.32,16940.3439231319,1,"Historic Mean"
NA,"OUT",57837.6,17556.2681581773,2,"Historic Mean"
NA,"OUT",58615.96,18344.6334693619,3,"Historic Mean"
NA,"OUT",57502.04,19098.0928891591,4,"Historic Mean"
NA,"OUT",53781.16,19820.5792820826,5,"Historic Mean"
NA,"OUT",49438.08,20481.8420461587,6,"Historic Mean"
NA,"OUT",45127.76,20968.1692110963,7,"Historic Mean"
NA,"OUT",42984.04,21267.5779608839,8,"Historic Mean"
NA,"OUT",42515.24,21424.636537517,9,"Historic Mean"
NA,"OUT",43244.44,21379.9969837413,10,"Historic Mean"
NA,"OUT",45131.44,21234.1076260283,11,"Historic Mean"
NA,"OUT",43867,21068.7132419319,12,"Historic Mean"
NA,"OUT",40623.36,20861.2014855923,13,"Historic Mean"
NA,"OUT",38125.96,20821.909949419,14,"Historic Mean"
NA,"OUT",36932.72,20898.2391476231,15,"Historic Mean"
NA,"OUT",36829.36,20869.7548566793,16,"Historic Mean"
NA,"OUT",37287.68,21020.9879153094,17,"Historic Mean"
NA,"OUT",38029.08,21463.0493928357,18,"Historic Mean"
NA,"OUT",38095.76,22072.8363152279,19,"Historic Mean"
NA,"OUT",38682.44,22747.5172144379,20,"Historic Mean"
NA,"OUT",39889.56,23354.0564631296,21,"Historic Mean"
NA,"OUT",40974.88,23884.3376697426,22,"Historic Mean"
NA,"OUT",43921.04,24377.1925270518,23,"Historic Mean"
NA,"OUT",44554.68,25171.8403467547,24,"Historic Mean"
NA,"OUT",45195.48,26036.7692136344,25,"Historic Mean"
NA,"OUT",45474.64,26628.3816540632,26,"Historic Mean"
NA,"OUT",45102.8,26926.7969069752,27,"Historic Mean"
NA,"OUT",43696.24,26929.3733598748,28,"Historic Mean"
NA,"OUT",42773.32,26618.3861934515,29,"Historic Mean"
NA,"OUT",41380.36,26226.3756102573,30,"Historic Mean"
NA,"OUT",39863,25752.3359690666,31,"Historic Mean"
NA,"OUT",37969.08,25375.7962008487,32,"Historic Mean"
NA,"OUT",37322.12,25019.1109995351,33,"Historic Mean"
NA,"OUT",39753.76,24838.3860446897,34,"Historic Mean"
NA,"OUT",42268.76,24781.8174382047,35,"Historic Mean"
NA,"OUT",43422.32,24997.3105406622,36,"Historic Mean"
NA,"OUT",45375.64,25482.5131979792,37,"Historic Mean"
NA,"OUT",48315.96,26117.9546131467,38,"Historic Mean"
NA,"OUT",51500.44,26803.2868726526,39,"Historic Mean"
NA,"OUT",53023.08,27449.7535340472,40,"Historic Mean"
NA,"OUT",56650.12,27934.1358458793,41,"Historic Mean"
NA,"OUT",56994.64,28377.666077212,42,"Historic Mean"
NA,"OUT",55364.52,28846.6790843997,43,"Historic Mean"
NA,"OUT",53020.76,28974.1837394416,44,"Historic Mean"
NA,"OUT",52888.96,29068.3940847628,45,"Historic Mean"
NA,"OUT",56008.8,29211.0122770025,46,"Historic Mean"
NA,"OUT",55090.16,29313.476331417,47,"Historic Mean"
NA,"OUT",55741.04,29482.213676325,48,"Historic Mean"
NA,"OUT",56407.48,29711.6921594631,49,"Historic Mean"
NA,"OUT",55605.64,29885.0676844782,50,"Historic Mean"
NA,"OUT",56895.72,30288.0261994299,51,"Historic Mean"
NA,"OUT",59370.6,30438.6474010004,52,"Historic Mean"
NA,"OUT",60259.56,30613.3350247507,53,"Historic Mean"
NA,"OUT",58721.84,31050.7500249737,54,"Historic Mean"
NA,"OUT",56265.48,31527.4109764304,55,"Historic Mean"
NA,"OUT",54418.84,32147.4674027955,56,"Historic Mean"
NA,"OUT",57108.44,32680.6794118169,57,"Historic Mean"
NA,"OUT",58582.88,33016.6002259484,58,"Historic Mean"
NA,"OUT",59898.56,33361.289951967,59,"Historic Mean"
NA,"OUT",57700.16,33464.1791097937,60,"Historic Mean"
NA,"OUT",57413.68,33149.3716208866,61,"Historic Mean"
NA,"OUT",57157.96,32845.561886797,62,"Historic Mean"
NA,"OUT",55181.08,32718.1922915779,63,"Historic Mean"
NA,"OUT",53129.16,32564.6468569802,64,"Historic Mean"
NA,"OUT",52621.48,32147.9620907047,65,"Historic Mean"
NA,"OUT",53014.16,31411.4263707531,66,"Historic Mean"
NA,"OUT",51940.6,30474.5504801926,67,"Historic Mean"
NA,"OUT",50823.48,29527.4195048597,68,"Historic Mean"
NA,"OUT",48704.2,28541.497207106,69,"Historic Mean"
NA,"OUT",45352.84,27601.4697097024,70,"Historic Mean"
NA,"OUT",43092.2,27032.0477974707,71,"Historic Mean"
NA,"OUT",41132.44,26935.8288479971,72,"Historic Mean"
NA,"OUT",40290.04,27038.4038680258,73,"Historic Mean"
NA,"OUT",41832.2,27150.1460861126,74,"Historic Mean"
NA,"OUT",42883.48,27053.6964170696,75,"Historic Mean"
NA,"OUT",41863.04,26790.7332867675,76,"Historic Mean"
NA,"OUT",40640.48,26460.4119103868,77,"Historic Mean"
NA,"OUT",40097.44,26229.989254956,78,"Historic Mean"
NA,"OUT",39862.16,26043.2486436855,79,"Historic Mean"
NA,"OUT",39852.52,25786.2034890878,80,"Historic Mean"
NA,"OUT",40843.12,25519.0237176462,81,"Historic Mean"
NA,"OUT",41768.04,25267.985383641,82,"Historic Mean"
NA,"OUT",42584.28,25014.5138486833,83,"Historic Mean"
NA,"OUT",44490.36,24711.6509268905,84,"Historic Mean"
NA,"OUT",45253.92,24435.1829281223,85,"Historic Mean"
NA,"OUT",44558.32,24059.7513164836,86,"Historic Mean"
NA,"OUT",42939.08,23760.1072949807,87,"Historic Mean"
NA,"OUT",41609.64,23590.8817210029,88,"Historic Mean"
NA,"OUT",39600.12,23305.019616803,89,"Historic Mean"
NA,"OUT",38338.04,22940.6564674431,90,"Historic Mean"
NA,"OUT",37999.88,22690.3762862084,91,"Historic Mean"
NA,"OUT",37082.6,22526.073777388,92,"Historic Mean"
NA,"OUT",36711.16,22685.5364177917,93,"Historic Mean"
NA,"OUT",39269.2,23028.2572898014,94,"Historic Mean"
NA,"OUT",40585.68,23244.6685679333,95,"Historic Mean"
NA,"OUT",41360.64,23332.7636961559,96,"Historic Mean"
NA,"OUT",41353.88,23382.1997719682,97,"Historic Mean"
NA,"OUT",41131.12,23287.4735378637,98,"Historic Mean"
NA,"OUT",40571.56,23144.4188293737,99,"Historic Mean"
NA,"OUT",39898.16,23055.2265247081,100,"Historic Mean"
NA,"OUT",38353.16,23067.6079655083,101,"Historic Mean"
NA,"OUT",37767.56,23352.0068680078,102,"Historic Mean"
NA,"OUT",38073.56,23560.9584174655,103,"Historic Mean"
NA,"OUT",38749.68,23675.9421722491,104,"Historic Mean"
NA,"OUT",40096.56,23677.3592506004,105,"Historic Mean"
NA,"OUT",40341.48,23624.8787685637,106,"Historic Mean"
NA,"OUT",39596.24,23679.662872916,107,"Historic Mean"
NA,"OUT",38407.68,23503.3187532071,108,"Historic Mean"
NA,"OUT",36873.68,23103.1472618237,109,"Historic Mean"
NA,"OUT",35915.24,22652.1551283322,110,"Historic Mean"
NA,"OUT",34503.76,22094.6482292024,111,"Historic Mean"
NA,"OUT",33813.76,21768.8473675676,112,"Historic Mean"
NA,"OUT",32853.24,21605.7746875222,113,"Historic Mean"
NA,"OUT",31886.72,21390.0309220801,114,"Historic Mean"
NA,"OUT",31476.28,21244.7670059053,115,"Historic Mean"
NA,"OUT",31469.48,21027.0650655375,116,"Historic Mean"
NA,"OUT",31175.72,20688.8496013873,117,"Historic Mean"
NA,"OUT",30943.32,20403.6751465771,118,"Historic Mean"
NA,"OUT",30506.84,20013.2099162516,119,"Historic Mean"
NA,"OUT",29963.76,19548.0942100252,120,"Historic Mean"
NA,"OUT",29333,19100.2491260759,121,"Historic Mean"
NA,"OUT",28702.04,18713.7434886116,122,"Historic Mean"
NA,"OUT",28006.24,18371.3861064953,123,"Historic Mean"
NA,"OUT",27512.84,18264.2317047671,124,"Historic Mean"
NA,"OUT",27415.24,18177.7854129076,125,"Historic Mean"
NA,"OUT",27299.04,18168.8935520069,126,"Historic Mean"
NA,"OUT",27026.28,18198.4315019172,127,"Historic Mean"
NA,"OUT",26660.96,18274.4538533653,128,"Historic Mean"
NA,"OUT",26163.12,18231.7831386839,129,"Historic Mean"
NA,"OUT",25648.44,18170.6635481656,130,"Historic Mean"
NA,"OUT",25752.4,18005.1343674038,131,"Historic Mean"
NA,"OUT",25423.04,17814.2144755358,132,"Historic Mean"
NA,"OUT",25181.16,17542.1282189875,133,"Historic Mean"
NA,"OUT",24512.28,17249.3915249851,134,"Historic Mean"
NA,"OUT",24306.24,16909.0123649425,135,"Historic Mean"
NA,"OUT",23951.92,16731.5733227917,136,"Historic Mean"
NA,"OUT",23639.68,16676.5689661743,137,"Historic Mean"
NA,"OUT",23696.76,16704.1127432067,138,"Historic Mean"
NA,"OUT",24696.8,16762.7665255329,139,"Historic Mean"
NA,"OUT",25590.72,16836.9992982072,140,"Historic Mean"
NA,"OUT",25736.84,16877.9587886478,141,"Historic Mean"
NA,"OUT",25687.12,16914.0720959402,142,"Historic Mean"
NA,"OUT",25049.28,16801.115762975,143,"Historic Mean"
NA,"OUT",23968.04,16538.4640737337,144,"Historic Mean"
NA,"OUT",23223.28,16252.6203404344,145,"Historic Mean"
NA,"OUT",22461.52,15928.3135517326,146,"Historic Mean"
NA,"OUT",21621.56,15535.8993666134,147,"Historic Mean"
NA,"OUT",21382.24,15199.6691473935,148,"Historic Mean"
NA,"OUT",21161.56,14791.6153025388,149,"Historic Mean"
NA,"OUT",20755.64,14369.9330822681,150,"Historic Mean"
NA,"OUT",20933.2,13962.3549927612,151,"Historic Mean"
NA,"OUT",20230.16,13573.1398182384,152,"Historic Mean"
NA,"OUT",19998.4,13213.4283174559,153,"Historic Mean"
NA,"OUT",19504.8,12993.3987413918,154,"Historic Mean"
NA,"OUT",19606.0833333333,12972.4758152128,155,"Historic Mean"
NA,"OUT",19355.2083333333,12871.6511070006,156,"Historic Mean"
NA,"OUT",19518.375,12807.3575602612,157,"Historic Mean"
NA,"OUT",19119.76,12564.9746739645,158,"Historic Mean"
NA,"OUT",19107.52,12479.275013877,159,"Historic Mean"
NA,"OUT",18744.04,12369.1901724852,160,"Historic Mean"
NA,"OUT",18317,12212.2750012577,161,"Historic Mean"
NA,"OUT",17747.8,12018.8825569617,162,"Historic Mean"
NA,"OUT",17139.84,11770.2362873189,163,"Historic Mean"
NA,"OUT",16511.44,11526.5736707038,164,"Historic Mean"
NA,"OUT",15935.2,11267.6634339676,165,"Historic Mean"
NA,"OUT",15514.72,11046.2089370811,166,"Historic Mean"
NA,"OUT",15339.08,10836.8334103321,167,"Historic Mean"
NA,"OUT",15057.04,10657.7616687492,168,"Historic Mean"
NA,"OUT",14864.64,10507.216436787,169,"Historic Mean"
NA,"OUT",14427.88,10389.7608896134,170,"Historic Mean"
NA,"OUT",13930.96,10189.7826670168,171,"Historic Mean"
NA,"OUT",13770.4,10024.9113776126,172,"Historic Mean"
NA,"OUT",13376.04,9943.21894184136,173,"Historic Mean"
NA,"OUT",12544.96,9842.78274928644,174,"Historic Mean"
NA,"OUT",12314.24,9741.08903275338,175,"Historic Mean"
NA,"OUT",12322.28,9681.72865654135,176,"Historic Mean"
NA,"OUT",11945.48,9680.42526195385,177,"Historic Mean"
NA,"OUT",11841.36,9743.17717370618,178,"Historic Mean"
NA,"OUT",12095.52,9605.8761820009,179,"Historic Mean"
NA,"OUT",12520.96,9321.09470692324,180,"Historic Mean"
NA,"OUT",12446.84,9029.8235918095,181,"Historic Mean"
NA,"OUT",11033.32,8749.39554434149,182,"Historic Mean"
NA,"OUT",10092.04,8393.27670050295,183,"Historic Mean"
NA,"OUT",9646.68,8012.43992714008,184,"Historic Mean"
NA,"OUT",9371.4,7683.05589863112,185,"Historic Mean"
NA,"OUT",9032.64,7500.41413632098,186,"Historic Mean"
NA,"OUT",9197.68,7388.72988017532,187,"Historic Mean"
NA,"OUT",9422.6,7305.32643353857,188,"Historic Mean"
NA,"OUT",8910.04,7234.22212794422,189,"Historic Mean"
NA,"OUT",8494.48,7202.90374866317,190,"Historic Mean"
NA,"OUT",8352.56,7157.98895886448,191,"Historic Mean"
NA,"OUT",8213.96,7035.90986768021,192,"Historic Mean"
NA,"OUT",8188.12,6985.16063931266,193,"Historic Mean"
NA,"OUT",8259.56,7002.58951243091,194,"Historic Mean"
NA,"OUT",8094.68,7052.99075750191,195,"Historic Mean"
NA,"OUT",7957.52,7086.53671869922,196,"Historic Mean"
NA,"OUT",8014.88,7116.3049767011,197,"Historic Mean"
NA,"OUT",8146.48,7118.07037900654,198,"Historic Mean"
NA,"OUT",7987.04,7134.02429524107,199,"Historic Mean"
NA,"OUT",7998.72,7135.84890358104,200,"Historic Mean"
NA,"OUT",7958.04,7097.14700143368,201,"Historic Mean"
NA,"OUT",7859.8,7040.17380507034,202,"Historic Mean"
NA,"OUT",7807.6,7026.74665566945,203,"Historic Mean"
NA,"OUT",7632.56,7019.79591381174,204,"Historic Mean"
NA,"OUT",7632.92,7001.55853662829,205,"Historic Mean"
NA,"OUT",7731.12,6994.74186604163,206,"Historic Mean"
NA,"OUT",7659.24,6957.91482997296,207,"Historic Mean"
NA,"OUT",7623.64,6925.63135611213,208,"Historic Mean"
NA,"OUT",7722.92,6887.72390528922,209,"Historic Mean"
NA,"OUT",7599,6806.79693360689,210,"Historic Mean"
NA,"OUT",7492.68,6696.4568442024,211,"Historic Mean"
NA,"OUT",7427.8,6599.13535536718,212,"Historic Mean"
NA,"OUT",7394.68,6484.00772083962,213,"Historic Mean"
NA,"OUT",7124.48,6365.74961883597,214,"Historic Mean"
NA,"OUT",7072.16,6295.72102192728,215,"Historic Mean"
NA,"OUT",7003.04,6245.66607209637,216,"Historic Mean"
NA,"OUT",6794.12,6194.95556910035,217,"Historic Mean"
NA,"OUT",6965.16,6184.01317165011,218,"Historic Mean"
NA,"OUT",6988.72,6162.31401180671,219,"Historic Mean"
NA,"OUT",6866.08,6126.43870293318,220,"Historic Mean"
NA,"OUT",7001.52,6082.34016384643,221,"Historic Mean"
NA,"OUT",6903.56,5986.55306871095,222,"Historic Mean"
NA,"OUT",6794.2,5859.04180534565,223,"Historic Mean"
NA,"OUT",6586.4,5750.05121004745,224,"Historic Mean"
NA,"OUT",6342.36,5583.1701446462,225,"Historic Mean"
NA,"OUT",6075.84,5401.3456842001,226,"Historic Mean"
NA,"OUT",6071.4,5239.40105261924,227,"Historic Mean"
NA,"OUT",5659.28,5101.83539668583,228,"Historic Mean"
NA,"OUT",5510.2,4994.71080755137,229,"Historic Mean"
NA,"OUT",5570.28,4950.47378610396,230,"Historic Mean"
NA,"OUT",5515.52,4892.01666764339,231,"Historic Mean"
NA,"OUT",5544.32,4889.97513723538,232,"Historic Mean"
NA,"OUT",5763.24,4940.48001317242,233,"Historic Mean"
NA,"OUT",5743.52,5002.73134473813,234,"Historic Mean"
NA,"OUT",5801.88,5063.59878312844,235,"Historic Mean"
NA,"OUT",5980,5113.09140129653,236,"Historic Mean"
NA,"OUT",6146.6,5115.62298956187,237,"Historic Mean"
NA,"OUT",6116.24,5151.9074039391,238,"Historic Mean"
NA,"OUT",5956.04,5155.43458453262,239,"Historic Mean"
NA,"OUT",5883.32,5131.70511487646,240,"Historic Mean"
NA,"OUT",5990.76,5083.39844753544,241,"Historic Mean"
NA,"OUT",5831.16,5085.63390198455,242,"Historic Mean"
NA,"OUT",5810.92,5125.99005653305,243,"Historic Mean"
NA,"OUT",5830.64,5196.19213012784,244,"Historic Mean"
NA,"OUT",6084.4,5274.97767430879,245,"Historic Mean"
NA,"OUT",6202.4,5362.32401180798,246,"Historic Mean"
NA,"OUT",6299.28,5441.09168901181,247,"Historic Mean"
NA,"OUT",6547.52,5534.37080009008,248,"Historic Mean"
NA,"OUT",6500.92,5584.04447139539,249,"Historic Mean"
NA,"OUT",6370.76,5640.19210241526,250,"Historic Mean"
NA,"OUT",6473.64,5710.79973720111,251,"Historic Mean"
NA,"OUT",6482.04,5748.51763708435,252,"Historic Mean"
NA,"OUT",6684.52,5793.82454745943,253,"Historic Mean"
NA,"OUT",6873.36,5871.69874179767,254,"Historic Mean"
NA,"OUT",6851.76,5914.9190877167,255,"Historic Mean"
NA,"OUT",6663.84,5965.12166972273,256,"Historic Mean"
NA,"OUT",6776.44,5980.18648933447,257,"Historic Mean"
NA,"OUT",6872.36,5950.57069734136,258,"Historic Mean"
NA,"OUT",6870.32,5879.48231168223,259,"Historic Mean"
NA,"OUT",6957.4,5803.05090881204,260,"Historic Mean"
NA,"OUT",6813.44,5718.93085737153,261,"Historic Mean"
NA,"OUT",6450.44,5647.08176493153,262,"Historic Mean"
NA,"OUT",6312.48,5605.66838101027,263,"Historic Mean"
NA,"OUT",6271.16,5557.46189355049,264,"Historic Mean"
NA,"OUT",6307.76,5499.40077804365,265,"Historic Mean"
NA,"OUT",6454.72,5410.49163382387,266,"Historic Mean"
NA,"OUT",6342.56,5314.97977665595,267,"Historic Mean"
NA,"OUT",6173.36,5199.57804345187,268,"Historic Mean"
NA,"OUT",5648.88,5095.87784856359,269,"Historic Mean"
NA,"OUT",5579,4912.60129599509,270,"Historic Mean"
NA,"OUT",5482.08,4901.08630501027,271,"Historic Mean"
NA,"OUT",5577.44,4831.2894082678,272,"Historic Mean"
NA,"OUT",5262,4871.51413420353,273,"Historic Mean"
NA,"OUT",5777.91666666667,4964.22000666272,274,"Historic Mean"
NA,"OUT",5840.52,5110.3598070888,275,"Historic Mean"
NA,"OUT",6183.96,5227.14929489068,276,"Historic Mean"
NA,"OUT",6300.44,5378.65509191422,277,"Historic Mean"
NA,"OUT",6585.44,5394.51348376178,278,"Historic Mean"
NA,"OUT",6433.48,5414.20662150021,279,"Historic Mean"
NA,"OUT",6306.8,5376.64347461522,280,"Historic Mean"
NA,"OUT",6083.96,5324.92696099794,281,"Historic Mean"
NA,"OUT",5974.08,5314.41601457751,282,"Historic Mean"
NA,"OUT",5639.44,5306.32461082596,283,"Historic Mean"
NA,"OUT",5683.56,5256.98703934876,284,"Historic Mean"
NA,"OUT",6038.48,5233.63068964008,285,"Historic Mean"
NA,"OUT",6136.44,5196.18530673496,286,"Historic Mean"
NA,"OUT",5935.4,5158.86931706398,287,"Historic Mean"
NA,"OUT",5799.4,5116.39589634823,288,"Historic Mean"
NA,"OUT",5669.84,5001.30598786265,289,"Historic Mean"
NA,"OUT",5634.08,4932.91154888315,290,"Historic Mean"
NA,"OUT",5397.96,4912.41035292739,291,"Historic Mean"
NA,"OUT",5498.68,4875.90307574037,292,"Historic Mean"
NA,"OUT",5548.72,4864.28589083774,293,"Historic Mean"
NA,"OUT",5743.44,4916.86045426512,294,"Historic Mean"
NA,"OUT",5376.76,4990.68422982941,295,"Historic Mean"
NA,"OUT",5513.64,5041.00032290395,296,"Historic Mean"
NA,"OUT",5919.84,5132.07005286071,297,"Historic Mean"
NA,"OUT",5650.52,5191.03325007158,298,"Historic Mean"
NA,"OUT",5828.32,5310.1536314085,299,"Historic Mean"
NA,"OUT",6210.64,5457.49489850829,300,"Historic Mean"
NA,"OUT",6229.76,5643.13282938739,301,"Historic Mean"
NA,"OUT",6130.08,5817.85984732865,302,"Historic Mean"
NA,"OUT",6477.84,6036.22021534303,303,"Historic Mean"
NA,"OUT",7089.88,6124.49204975659,304,"Historic Mean"
NA,"OUT",6709.36,6174.33388045399,305,"Historic Mean"
NA,"OUT",7213.64,6195.27099536217,306,"Historic Mean"
NA,"OUT",6639.72,6104.24743244507,307,"Historic Mean"
NA,"OUT",6518.4,5925.27773902892,308,"Historic Mean"
NA,"OUT",6141.96,5948.67163841384,309,"Historic Mean"
NA,"OUT",5706.96,5848.78422232036,310,"Historic Mean"
NA,"OUT",5441.8,5838.13183075053,311,"Historic Mean"
NA,"OUT",6651.32,5854.46316077454,312,"Historic Mean"
NA,"OUT",6489,5885.9377184778,313,"Historic Mean"
NA,"OUT",6885.88,5925.99126631027,314,"Historic Mean"
NA,"OUT",7111.36,6031.04476697641,315,"Historic Mean"
NA,"OUT",6887.56,6004.26602895917,316,"Historic Mean"
NA,"OUT",6191.12,6004.95074239717,317,"Historic Mean"
NA,"OUT",6198.8,5881.0807862004,318,"Historic Mean"
NA,"OUT",6165.08,5723.77722492722,319,"Historic Mean"
NA,"OUT",6308.32,5668.27869407695,320,"Historic Mean"
NA,"OUT",5970.28,5782.83259047544,321,"Historic Mean"
NA,"OUT",6119.08,5968.55490790547,322,"Historic Mean"
NA,"OUT",6909,6141.81304975295,323,"Historic Mean"
NA,"OUT",7239.36,6321.1872852172,324,"Historic Mean"
NA,"OUT",7752.04,6588.02297080829,325,"Historic Mean"
NA,"OUT",8073.72,6820.83823443769,326,"Historic Mean"
NA,"OUT",8563.04,6957.29929560628,327,"Historic Mean"
NA,"OUT",8869.32,7076.03944455614,328,"Historic Mean"
NA,"OUT",8922.28,7172.11557209212,329,"Historic Mean"
NA,"OUT",8832.96,7227.14644455657,330,"Historic Mean"
NA,"OUT",9015.64,7239.80212496806,331,"Historic Mean"
NA,"OUT",8857.08,7406.78643671341,332,"Historic Mean"
NA,"OUT",9172.04,7752.27367867366,333,"Historic Mean"
NA,"OUT",9537.72,8245.28849751902,334,"Historic Mean"
NA,"OUT",10591.8,8650.92882172553,335,"Historic Mean"
NA,"OUT",12078.52,8903.56858254699,336,"Historic Mean"
NA,"OUT",14167.36,9087.77055009901,337,"Historic Mean"
NA,"OUT",14870.2,9366.93459124631,338,"Historic Mean"
NA,"OUT",14539.4,9706.67527242364,339,"Historic Mean"
NA,"OUT",14145.72,10109.0532976808,340,"Historic Mean"
NA,"OUT",14951.84,10420.0127027882,341,"Historic Mean"
NA,"OUT",15608.88,10688.4809996257,342,"Historic Mean"
NA,"OUT",16231.44,11146.2539474027,343,"Historic Mean"
NA,"OUT",16400.8,11719.6493932056,344,"Historic Mean"
NA,"OUT",16313.76,12228.4554089834,345,"Historic Mean"
NA,"OUT",17308.2,12699.6185458573,346,"Historic Mean"
NA,"OUT",18546.04,13344.5767813216,347,"Historic Mean"
NA,"OUT",19894.24,13971.5055294142,348,"Historic Mean"
NA,"OUT",21439.84,14672.6877298648,349,"Historic Mean"
NA,"OUT",23756.84,15289.6685689133,350,"Historic Mean"
NA,"OUT",25018.08,15770.6008076097,351,"Historic Mean"
NA,"OUT",24698.12,16094.1483224227,352,"Historic Mean"
NA,"OUT",25101.24,16241.5527274089,353,"Historic Mean"
NA,"OUT",25793.52,16141.905255728,354,"Historic Mean"
NA,"OUT",24968.04,16048.5424840586,355,"Historic Mean"
NA,"OUT",25139,15965.7419188617,356,"Historic Mean"
NA,"OUT",25392.44,15847.5439130823,357,"Historic Mean"
NA,"OUT",26470.6,15709.5414871812,358,"Historic Mean"
NA,"OUT",26490.96,15666.163407173,359,"Historic Mean"
NA,"OUT",26648.28,15720.2175126952,360,"Historic Mean"
NA,"OUT",26739.36,15865.9933991687,361,"Historic Mean"
NA,"OUT",27624.32,15963.134747627,362,"Historic Mean"
NA,"OUT",28900.16,16144.059030835,363,"Historic Mean"
NA,"OUT",31310.76,16326.5452087451,364,"Historic Mean"
NA,"OUT",36284.68,16627.747942389,365,"Historic Mean"
NA,"OUT",53357.7142857143,22793.7475340597,366,"Historic Mean"
NA,"SJR",3546.24,2249.72918210336,1,"Historic Mean"
NA,"SJR",3595.16,2313.76921717229,2,"Historic Mean"
NA,"SJR",3791.64,2380.38308451576,3,"Historic Mean"
NA,"SJR",4793.64,2436.84221292167,4,"Historic Mean"
NA,"SJR",5258.92,2484.89562276766,5,"Historic Mean"
NA,"SJR",4872.88,2520.70221569661,6,"Historic Mean"
NA,"SJR",4850.92,2551.66499908228,7,"Historic Mean"
NA,"SJR",4741.68,2571.43652003024,8,"Historic Mean"
NA,"SJR",4664.76,2584.38878213467,9,"Historic Mean"
NA,"SJR",4660.36,2604.87895816715,10,"Historic Mean"
NA,"SJR",4684.2,2622.6158007603,11,"Historic Mean"
NA,"SJR",4663.2,2624.69310681332,12,"Historic Mean"
NA,"SJR",4705.04,2625.6841106536,13,"Historic Mean"
NA,"SJR",4660.32,2632.71103991807,14,"Historic Mean"
NA,"SJR",4533,2640.2001740269,15,"Historic Mean"
NA,"SJR",4544.76,2658.27782357598,16,"Historic Mean"
NA,"SJR",4676.44,2682.45858293022,17,"Historic Mean"
NA,"SJR",4702.16,2724.32444233367,18,"Historic Mean"
NA,"SJR",4726,2764.04259486143,19,"Historic Mean"
NA,"SJR",4720,2801.01045567125,20,"Historic Mean"
NA,"SJR",4760.6,2833.26400594159,21,"Historic Mean"
NA,"SJR",4751.28,2876.92738958222,22,"Historic Mean"
NA,"SJR",4764.6,2905.22718349464,23,"Historic Mean"
NA,"SJR",4814.04,2926.10199474134,24,"Historic Mean"
NA,"SJR",4948.68,2935.9281490407,25,"Historic Mean"
NA,"SJR",4949.12,2955.94386155422,26,"Historic Mean"
NA,"SJR",4993.4,2973.56057195417,27,"Historic Mean"
NA,"SJR",5028.24,2976.26930804724,28,"Historic Mean"
NA,"SJR",5078.12,2960.58751988786,29,"Historic Mean"
NA,"SJR",5064.44,2942.49103484077,30,"Historic Mean"
NA,"SJR",4988.52,2930.30252081226,31,"Historic Mean"
NA,"SJR",4924.4,2943.82867617903,32,"Historic Mean"
NA,"SJR",4886.92,2953.70842176027,33,"Historic Mean"
NA,"SJR",4940.76,2962.26649788388,34,"Historic Mean"
NA,"SJR",5185.32,2977.32243282838,35,"Historic Mean"
NA,"SJR",5381.24,2995.8072838224,36,"Historic Mean"
NA,"SJR",5507.04,3027.72463182273,37,"Historic Mean"
NA,"SJR",5612.48,3073.32684517447,38,"Historic Mean"
NA,"SJR",5774.24,3115.45839381387,39,"Historic Mean"
NA,"SJR",6024.72,3158.04326112271,40,"Historic Mean"
NA,"SJR",6275.6,3206.1157522639,41,"Historic Mean"
NA,"SJR",6490.8,3259.82244886024,42,"Historic Mean"
NA,"SJR",6743.2,3321.17353319951,43,"Historic Mean"
NA,"SJR",6925.72,3372.59923181842,44,"Historic Mean"
NA,"SJR",6976.4,3419.52149968405,45,"Historic Mean"
NA,"SJR",7056.84,3466.34476969151,46,"Historic Mean"
NA,"SJR",7035.76,3506.2005658565,47,"Historic Mean"
NA,"SJR",7172.2,3553.2542030306,48,"Historic Mean"
NA,"SJR",7340.52,3611.08972849745,49,"Historic Mean"
NA,"SJR",7525.64,3670.83880725574,50,"Historic Mean"
NA,"SJR",7781.56,3731.76091855504,51,"Historic Mean"
NA,"SJR",7982.28,3793.65449100974,52,"Historic Mean"
NA,"SJR",8172.4,3847.99375502254,53,"Historic Mean"
NA,"SJR",8245.96,3911.25051848501,54,"Historic Mean"
NA,"SJR",8260.16,3966.74720321461,55,"Historic Mean"
NA,"SJR",8199.28,4010.29715831209,56,"Historic Mean"
NA,"SJR",8189.32,4055.69312876208,57,"Historic Mean"
NA,"SJR",8188.68,4084.09930443618,58,"Historic Mean"
NA,"SJR",8150.4,4086.8994017998,59,"Historic Mean"
NA,"SJR",8084.88,4082.94243762522,60,"Historic Mean"
NA,"SJR",7888,4072.85881374808,61,"Historic Mean"
NA,"SJR",7715.88,4065.39558752008,62,"Historic Mean"
NA,"SJR",7634.28,4043.0317838705,63,"Historic Mean"
NA,"SJR",7555.76,4006.70086449047,64,"Historic Mean"
NA,"SJR",7468.68,3986.37798115041,65,"Historic Mean"
NA,"SJR",7292.72,3989.57643750724,66,"Historic Mean"
NA,"SJR",7131.36,3979.32353961257,67,"Historic Mean"
NA,"SJR",7051.44,3944.02751867523,68,"Historic Mean"
NA,"SJR",6979.64,3883.78649110942,69,"Historic Mean"
NA,"SJR",6836.84,3824.24486088946,70,"Historic Mean"
NA,"SJR",6661.16,3773.31647937122,71,"Historic Mean"
NA,"SJR",6488.92,3730.25080968502,72,"Historic Mean"
NA,"SJR",6303.04,3677.30558973001,73,"Historic Mean"
NA,"SJR",6150.32,3629.71072020745,74,"Historic Mean"
NA,"SJR",6087.28,3592.80558862879,75,"Historic Mean"
NA,"SJR",5988.68,3564.80405821618,76,"Historic Mean"
NA,"SJR",5888.36,3553.20186738508,77,"Historic Mean"
NA,"SJR",5836.52,3541.41201769247,78,"Historic Mean"
NA,"SJR",5775.92,3521.61879130011,79,"Historic Mean"
NA,"SJR",5874.6,3505.53854249671,80,"Historic Mean"
NA,"SJR",5874.72,3489.7117355334,81,"Historic Mean"
NA,"SJR",5851.52,3482.04640637998,82,"Historic Mean"
NA,"SJR",5910.72,3487.07123059717,83,"Historic Mean"
NA,"SJR",5987.68,3486.43573248568,84,"Historic Mean"
NA,"SJR",6171.84,3485.0673906902,85,"Historic Mean"
NA,"SJR",6335.32,3488.20957877658,86,"Historic Mean"
NA,"SJR",6434.4,3490.10526513879,87,"Historic Mean"
NA,"SJR",6600.16,3489.82487699102,88,"Historic Mean"
NA,"SJR",6821.6,3484.33330883394,89,"Historic Mean"
NA,"SJR",6914.8,3475.7313206722,90,"Historic Mean"
NA,"SJR",6891.52,3461.22156376512,91,"Historic Mean"
NA,"SJR",6891.28,3447.09248929569,92,"Historic Mean"
NA,"SJR",6882.2,3437.13784378968,93,"Historic Mean"
NA,"SJR",6825.68,3439.15404971567,94,"Historic Mean"
NA,"SJR",6822.6,3451.61417287968,95,"Historic Mean"
NA,"SJR",6852,3467.00433627985,96,"Historic Mean"
NA,"SJR",6870.4,3479.60215136235,97,"Historic Mean"
NA,"SJR",6877.84,3502.15873480453,98,"Historic Mean"
NA,"SJR",6985.88,3530.5887386513,99,"Historic Mean"
NA,"SJR",7031.88,3565.22513832195,100,"Historic Mean"
NA,"SJR",7060.88,3606.5826635844,101,"Historic Mean"
NA,"SJR",7151.24,3667.01664164039,102,"Historic Mean"
NA,"SJR",7249.84,3758.71020585597,103,"Historic Mean"
NA,"SJR",7312.16,3879.28168599595,104,"Historic Mean"
NA,"SJR",7370.88,4002.37343127131,105,"Historic Mean"
NA,"SJR",7424,4141.72060560141,106,"Historic Mean"
NA,"SJR",7460.8,4283.9498927373,107,"Historic Mean"
NA,"SJR",7452,4411.73641650283,108,"Historic Mean"
NA,"SJR",7503.6,4517.09920516293,109,"Historic Mean"
NA,"SJR",7514.4,4593.02473163178,110,"Historic Mean"
NA,"SJR",7438.16,4638.57794331363,111,"Historic Mean"
NA,"SJR",7330.96,4672.86342010321,112,"Historic Mean"
NA,"SJR",7244.88,4674.36999139122,113,"Historic Mean"
NA,"SJR",7201.76,4640.68242177936,114,"Historic Mean"
NA,"SJR",7185.24,4609.3878009194,115,"Historic Mean"
NA,"SJR",7144.72,4591.09131347172,116,"Historic Mean"
NA,"SJR",7068.72,4573.1338368395,117,"Historic Mean"
NA,"SJR",7092.24,4546.9513735917,118,"Historic Mean"
NA,"SJR",7116.8,4516.94024890767,119,"Historic Mean"
NA,"SJR",7048.52,4485.09501590297,120,"Historic Mean"
NA,"SJR",6955.68,4470.66700913723,121,"Historic Mean"
NA,"SJR",6895.76,4457.47482349263,122,"Historic Mean"
NA,"SJR",6819.24,4434.77236643244,123,"Historic Mean"
NA,"SJR",6749.48,4411.37267883766,124,"Historic Mean"
NA,"SJR",6732.76,4400.29508081215,125,"Historic Mean"
NA,"SJR",6695.32,4397.93705831695,126,"Historic Mean"
NA,"SJR",6633.76,4401.72739921829,127,"Historic Mean"
NA,"SJR",6628.6,4406.01437929583,128,"Historic Mean"
NA,"SJR",6664.56,4409.583527528,129,"Historic Mean"
NA,"SJR",6627.72,4422.80424802809,130,"Historic Mean"
NA,"SJR",6599.64,4432.47154438197,131,"Historic Mean"
NA,"SJR",6589.36,4418.32255279394,132,"Historic Mean"
NA,"SJR",6588.76,4370.52157169404,133,"Historic Mean"
NA,"SJR",6498.6,4297.50555212614,134,"Historic Mean"
NA,"SJR",6381.92,4201.46312937383,135,"Historic Mean"
NA,"SJR",6256.04,4081.93436721745,136,"Historic Mean"
NA,"SJR",6086.68,3945.68641935578,137,"Historic Mean"
NA,"SJR",5971.24,3804.26134405286,138,"Historic Mean"
NA,"SJR",5932.56,3671.0098930041,139,"Historic Mean"
NA,"SJR",5896.12,3547.24304078892,140,"Historic Mean"
NA,"SJR",5846.32,3442.83092932255,141,"Historic Mean"
NA,"SJR",5783.64,3352.1508395997,142,"Historic Mean"
NA,"SJR",5725.36,3268.79933937178,143,"Historic Mean"
NA,"SJR",5672.76,3186.50765930108,144,"Historic Mean"
NA,"SJR",5584.84,3110.74763991597,145,"Historic Mean"
NA,"SJR",5515.36,3042.12976646018,146,"Historic Mean"
NA,"SJR",5446.2,2978.59606120632,147,"Historic Mean"
NA,"SJR",5399.92,2920.22995857796,148,"Historic Mean"
NA,"SJR",5356.84,2865.35684867192,149,"Historic Mean"
NA,"SJR",5268.32,2813.95756972259,150,"Historic Mean"
NA,"SJR",5195.48,2766.0965119309,151,"Historic Mean"
NA,"SJR",5134,2716.90530198305,152,"Historic Mean"
NA,"SJR",5085.4,2664.73295589244,153,"Historic Mean"
NA,"SJR",5024.12,2616.38756436611,154,"Historic Mean"
NA,"SJR",4954.68,2568.02217081195,155,"Historic Mean"
NA,"SJR",4955.64,2520.34091552546,156,"Historic Mean"
NA,"SJR",4929.88,2477.95889642205,157,"Historic Mean"
NA,"SJR",4837,2438.69083638083,158,"Historic Mean"
NA,"SJR",4727.36,2409.38425092757,159,"Historic Mean"
NA,"SJR",4643.56,2388.86424169001,160,"Historic Mean"
NA,"SJR",4582.12,2370.2528293416,161,"Historic Mean"
NA,"SJR",4571.56,2347.52673583651,162,"Historic Mean"
NA,"SJR",4605.96,2325.32374514036,163,"Historic Mean"
NA,"SJR",4593.08,2301.16729530736,164,"Historic Mean"
NA,"SJR",4530.72,2277.45092856597,165,"Historic Mean"
NA,"SJR",4494.56,2250.35471201301,166,"Historic Mean"
NA,"SJR",4388.32,2215.92339507009,167,"Historic Mean"
NA,"SJR",4312.4,2176.75581094283,168,"Historic Mean"
NA,"SJR",4240.28,2142.21256348404,169,"Historic Mean"
NA,"SJR",4152.68,2105.32886531664,170,"Historic Mean"
NA,"SJR",4071.52,2069.54802850461,171,"Historic Mean"
NA,"SJR",4035.88,2039.72266801375,172,"Historic Mean"
NA,"SJR",4008.64,2015.90731957247,173,"Historic Mean"
NA,"SJR",4042.84,2001.04448262892,174,"Historic Mean"
NA,"SJR",4104.24,1988.92465802857,175,"Historic Mean"
NA,"SJR",4120.4,1975.26379279844,176,"Historic Mean"
NA,"SJR",4127,1960.79289336426,177,"Historic Mean"
NA,"SJR",4119.72,1946.27586913373,178,"Historic Mean"
NA,"SJR",4052.44,1924.39582687324,179,"Historic Mean"
NA,"SJR",3921.52,1891.57624480716,180,"Historic Mean"
NA,"SJR",3909.95833333333,1871.73701082692,181,"Historic Mean"
NA,"SJR",3836.54166666667,1818.89806210291,182,"Historic Mean"
NA,"SJR",3560.92,1747.57178173521,183,"Historic Mean"
NA,"SJR",3372.2,1697.04394091645,184,"Historic Mean"
NA,"SJR",3250.6,1645.69236028776,185,"Historic Mean"
NA,"SJR",3081.72,1593.97152404509,186,"Historic Mean"
NA,"SJR",2959.4,1553.93845645676,187,"Historic Mean"
NA,"SJR",2891.16,1520.74648940425,188,"Historic Mean"
NA,"SJR",2831.52,1488.95315555857,189,"Historic Mean"
NA,"SJR",2819.28,1456.83931770455,190,"Historic Mean"
NA,"SJR",2807.52,1428.02191089931,191,"Historic Mean"
NA,"SJR",2790.96,1407.28219236986,192,"Historic Mean"
NA,"SJR",2745.88,1394.28114299742,193,"Historic Mean"
NA,"SJR",2694.2,1382.71050085966,194,"Historic Mean"
NA,"SJR",2645.44,1374.79816441853,195,"Historic Mean"
NA,"SJR",2571.76,1369.42830492437,196,"Historic Mean"
NA,"SJR",2527.56,1366.31329205414,197,"Historic Mean"
NA,"SJR",2488.88,1364.57733793667,198,"Historic Mean"
NA,"SJR",2398.88,1359.23739518716,199,"Historic Mean"
NA,"SJR",2360.48,1353.61456803595,200,"Historic Mean"
NA,"SJR",2304.2,1346.68645405063,201,"Historic Mean"
NA,"SJR",2213.36,1339.25410889239,202,"Historic Mean"
NA,"SJR",2139.64,1327.33662687989,203,"Historic Mean"
NA,"SJR",2105.92,1310.52586894308,204,"Historic Mean"
NA,"SJR",2076.76,1294.59148545876,205,"Historic Mean"
NA,"SJR",2030.24,1278.74199196924,206,"Historic Mean"
NA,"SJR",1965.28,1263.60941305547,207,"Historic Mean"
NA,"SJR",1900.44,1244.95159874452,208,"Historic Mean"
NA,"SJR",1858.36,1225.94106091356,209,"Historic Mean"
NA,"SJR",1828.52,1212.11712171627,210,"Historic Mean"
NA,"SJR",1777.4,1203.65723438402,211,"Historic Mean"
NA,"SJR",1763.88,1197.1888690657,212,"Historic Mean"
NA,"SJR",1746.52,1190.64132026398,213,"Historic Mean"
NA,"SJR",1735.72,1182.46606528754,214,"Historic Mean"
NA,"SJR",1758.44,1180.02105522593,215,"Historic Mean"
NA,"SJR",1734.36,1180.27598476306,216,"Historic Mean"
NA,"SJR",1711.52,1179.3105093968,217,"Historic Mean"
NA,"SJR",1744.52,1175.91447582341,218,"Historic Mean"
NA,"SJR",1768.52,1173.12674111293,219,"Historic Mean"
NA,"SJR",1771.04,1172.38838309036,220,"Historic Mean"
NA,"SJR",1753,1173.98879043586,221,"Historic Mean"
NA,"SJR",1747.12,1171.41281194424,222,"Historic Mean"
NA,"SJR",1717.32,1164.40590999216,223,"Historic Mean"
NA,"SJR",1698.68,1157.12472786509,224,"Historic Mean"
NA,"SJR",1689,1152.75874072552,225,"Historic Mean"
NA,"SJR",1704.12,1150.5742207933,226,"Historic Mean"
NA,"SJR",1699.6,1150.98095160598,227,"Historic Mean"
NA,"SJR",1685.6,1152.08681221688,228,"Historic Mean"
NA,"SJR",1704.44,1152.15111770298,229,"Historic Mean"
NA,"SJR",1722.16,1153.41023437497,230,"Historic Mean"
NA,"SJR",1740.64,1155.3329129971,231,"Historic Mean"
NA,"SJR",1746.08,1157.16335242069,232,"Historic Mean"
NA,"SJR",1754.52,1157.75889478934,233,"Historic Mean"
NA,"SJR",1750.92,1160.96422436275,234,"Historic Mean"
NA,"SJR",1748.56,1164.39115502499,235,"Historic Mean"
NA,"SJR",1757.44,1169.3375086463,236,"Historic Mean"
NA,"SJR",1795.6,1170.48382606737,237,"Historic Mean"
NA,"SJR",1810.36,1172.11694555145,238,"Historic Mean"
NA,"SJR",1806.24,1172.01865983288,239,"Historic Mean"
NA,"SJR",1806.48,1171.7608903507,240,"Historic Mean"
NA,"SJR",1798.8,1171.0158280097,241,"Historic Mean"
NA,"SJR",1755.96,1168.46165293966,242,"Historic Mean"
NA,"SJR",1732.88,1164.54851962099,243,"Historic Mean"
NA,"SJR",1719.08,1159.96193523531,244,"Historic Mean"
NA,"SJR",1693.12,1153.95245367043,245,"Historic Mean"
NA,"SJR",1670,1150.53424976509,246,"Historic Mean"
NA,"SJR",1633.2,1146.08633119661,247,"Historic Mean"
NA,"SJR",1615.8,1142.37735573986,248,"Historic Mean"
NA,"SJR",1617.76,1138.54585792935,249,"Historic Mean"
NA,"SJR",1606.08,1137.48928838409,250,"Historic Mean"
NA,"SJR",1619.56,1139.54725224276,251,"Historic Mean"
NA,"SJR",1616.16,1148.17994787308,252,"Historic Mean"
NA,"SJR",1617.6,1160.80878097357,253,"Historic Mean"
NA,"SJR",1590.24,1179.40327866565,254,"Historic Mean"
NA,"SJR",1617.76,1203.40149444341,255,"Historic Mean"
NA,"SJR",1655.6,1229.83918220047,256,"Historic Mean"
NA,"SJR",1713.76,1253.08509487669,257,"Historic Mean"
NA,"SJR",1801.36,1272.18409244953,258,"Historic Mean"
NA,"SJR",1821.6,1285.99431442153,259,"Historic Mean"
NA,"SJR",1790.2,1294.73984336021,260,"Historic Mean"
NA,"SJR",1734.76,1298.77663470454,261,"Historic Mean"
NA,"SJR",1717.92,1297.22898053605,262,"Historic Mean"
NA,"SJR",1721.6,1293.65347918737,263,"Historic Mean"
NA,"SJR",1736.76,1290.73842409706,264,"Historic Mean"
NA,"SJR",1749.2,1294.38364444358,265,"Historic Mean"
NA,"SJR",1746.56,1297.73275226999,266,"Historic Mean"
NA,"SJR",1745.84,1299.95884149016,267,"Historic Mean"
NA,"SJR",1757.56,1299.86804934527,268,"Historic Mean"
NA,"SJR",1758.44,1298.3240103019,269,"Historic Mean"
NA,"SJR",1771.48,1298.2269134641,270,"Historic Mean"
NA,"SJR",1766.88,1383.5921889209,271,"Historic Mean"
NA,"SJR",1768.92,1386.91040670084,272,"Historic Mean"
NA,"SJR",1779.04,1387.58068519274,273,"Historic Mean"
NA,"SJR",1861.08333333333,1390.93551881297,274,"Historic Mean"
NA,"SJR",1879.52,1397.24109573712,275,"Historic Mean"
NA,"SJR",1866.4,1408.24199168109,276,"Historic Mean"
NA,"SJR",1851.72,1422.99567029897,277,"Historic Mean"
NA,"SJR",1859.92,1460.79339581343,278,"Historic Mean"
NA,"SJR",1884.44,1477.56710689209,279,"Historic Mean"
NA,"SJR",1903.16,1495.98340080719,280,"Historic Mean"
NA,"SJR",1935.76,1516.39423351569,281,"Historic Mean"
NA,"SJR",1981.44,1542.50518453396,282,"Historic Mean"
NA,"SJR",1991.28,1569.28440153901,283,"Historic Mean"
NA,"SJR",2024.04,1596.35812998359,284,"Historic Mean"
NA,"SJR",2086.16,1621.90862143025,285,"Historic Mean"
NA,"SJR",2116.28,1649.22258472315,286,"Historic Mean"
NA,"SJR",2145.68,1687.67342406899,287,"Historic Mean"
NA,"SJR",2147.76,1743.4679891398,288,"Historic Mean"
NA,"SJR",2169.6,1808.53162025432,289,"Historic Mean"
NA,"SJR",2204.6,1873.75042912519,290,"Historic Mean"
NA,"SJR",2312.76,1940.5378202934,291,"Historic Mean"
NA,"SJR",2406.52,2013.68120954531,292,"Historic Mean"
NA,"SJR",2450.32,2088.48842433774,293,"Historic Mean"
NA,"SJR",2497,2156.60551855694,294,"Historic Mean"
NA,"SJR",2547,2220.19553254346,295,"Historic Mean"
NA,"SJR",2563.2,2301.34506091362,296,"Historic Mean"
NA,"SJR",2590.36,2383.33553146558,297,"Historic Mean"
NA,"SJR",2696.04,2452.59994152971,298,"Historic Mean"
NA,"SJR",2813.6,2497.87653155977,299,"Historic Mean"
NA,"SJR",2814.8,2519.01745831663,300,"Historic Mean"
NA,"SJR",2796,2523.82162509794,301,"Historic Mean"
NA,"SJR",2713.2,2505.01153336387,302,"Historic Mean"
NA,"SJR",2596.4,2459.34245531321,303,"Historic Mean"
NA,"SJR",2506.4,2393.18845128428,304,"Historic Mean"
NA,"SJR",2436,2318.12505254342,305,"Historic Mean"
NA,"SJR",2393.6,2242.84507093403,306,"Historic Mean"
NA,"SJR",2283.6,2172.22725414104,307,"Historic Mean"
NA,"SJR",2210,2103.22897264307,308,"Historic Mean"
NA,"SJR",2126.4,2034.7116688632,309,"Historic Mean"
NA,"SJR",2049.2,1963.10421366466,310,"Historic Mean"
NA,"SJR",1978,1897.14147717873,311,"Historic Mean"
NA,"SJR",1920,1834.99457506278,312,"Historic Mean"
NA,"SJR",1875.2,1778.43111611121,313,"Historic Mean"
NA,"SJR",1828.56,1727.18287864514,314,"Historic Mean"
NA,"SJR",1787.84,1681.30944029867,315,"Historic Mean"
NA,"SJR",1741.24,1641.29737757424,316,"Historic Mean"
NA,"SJR",1698.2,1606.87119161817,317,"Historic Mean"
NA,"SJR",1667.4,1577.81076168356,318,"Historic Mean"
NA,"SJR",1656,1553.60453823541,319,"Historic Mean"
NA,"SJR",1653.64,1535.66912129744,320,"Historic Mean"
NA,"SJR",1641.48,1523.60145474853,321,"Historic Mean"
NA,"SJR",1630.96,1517.66183599299,322,"Historic Mean"
NA,"SJR",1627.28,1514.04273745235,323,"Historic Mean"
NA,"SJR",1624.72,1510.52631743624,324,"Historic Mean"
NA,"SJR",1627.84,1508.65541432556,325,"Historic Mean"
NA,"SJR",1619.04,1508.65962539033,326,"Historic Mean"
NA,"SJR",1616.4,1509.42118376881,327,"Historic Mean"
NA,"SJR",1624.32,1511.59511815099,328,"Historic Mean"
NA,"SJR",1632.8,1512.83234981265,329,"Historic Mean"
NA,"SJR",1634.88,1515.32905308829,330,"Historic Mean"
NA,"SJR",1642.48,1520.62010960453,331,"Historic Mean"
NA,"SJR",1642.92,1526.23255803161,332,"Historic Mean"
NA,"SJR",1645.96,1536.75756116674,333,"Historic Mean"
NA,"SJR",1657,1562.54555526744,334,"Historic Mean"
NA,"SJR",1659.88,1592.95412568921,335,"Historic Mean"
NA,"SJR",1699.56,1625.71229812345,336,"Historic Mean"
NA,"SJR",1829.68,1658.24556218965,337,"Historic Mean"
NA,"SJR",1908.88,1691.33715610333,338,"Historic Mean"
NA,"SJR",1987.84,1725.53505244958,339,"Historic Mean"
NA,"SJR",2055.76,1755.32224767734,340,"Historic Mean"
NA,"SJR",2135,1773.92065671962,341,"Historic Mean"
NA,"SJR",2202.52,1788.07453910698,342,"Historic Mean"
NA,"SJR",2232.92,1800.83989027303,343,"Historic Mean"
NA,"SJR",2248.36,1817.76950003441,344,"Historic Mean"
NA,"SJR",2282.16,1827.34660461483,345,"Historic Mean"
NA,"SJR",2305.08,1831.30296892443,346,"Historic Mean"
NA,"SJR",2372.16,1834.74907604805,347,"Historic Mean"
NA,"SJR",2333.64,1842.56344955388,348,"Historic Mean"
NA,"SJR",2308.72,1854.81511311061,349,"Historic Mean"
NA,"SJR",2329.68,1872.24357883537,350,"Historic Mean"
NA,"SJR",2394.12,1884.31593422125,351,"Historic Mean"
NA,"SJR",2472.24,1899.63631454666,352,"Historic Mean"
NA,"SJR",2539.28,1922.76190180908,353,"Historic Mean"
NA,"SJR",2577.56,1947.30110188698,354,"Historic Mean"
NA,"SJR",2631.16,1973.8087405113,355,"Historic Mean"
NA,"SJR",2725.64,1995.19414562283,356,"Historic Mean"
NA,"SJR",2783.2,2015.98914924032,357,"Historic Mean"
NA,"SJR",2891.72,2035.14777442195,358,"Historic Mean"
NA,"SJR",2899.2,2052.37779457931,359,"Historic Mean"
NA,"SJR",2931.96,2068.24729756833,360,"Historic Mean"
NA,"SJR",2958.04,2092.77766270614,361,"Historic Mean"
NA,"SJR",3011.04,2120.45289831002,362,"Historic Mean"
NA,"SJR",3066.92,2145.78151924247,363,"Historic Mean"
NA,"SJR",3250.76,2170.25047196199,364,"Historic Mean"
NA,"SJR",3459.08,2199.90803447566,365,"Historic Mean"
NA,"SJR",4418.57142857143,2341.52034047498,366,"Historic Mean"
